CUSTOMER_ID,SALUTATION,FIRST_NAME,LAST_NAME,BIRTH_DAY,BIRTH_MONTH,BIRTH_YEAR,BIRTH_COUNTRY,EMAIL_ADDRESS
WUWB8N9A,Prof.,Morgan,Garcia,04,11,1980,Brazil,morgan.garcia@mail.com
BVOQDIIB,Dr.,Chris,Smith,13,10,2001,Germany,chris.smith@example.com
GYPU6O1D,Mrs.,Sam,Miller,13,11,1989,France,sam.miller@company.net
XU2MWRJQ,Prof.,Alex,Brown,27,03,1999,China,alex.brown@test.org
4GHLGEW0,Mr.,Chris,Johnson,28,06,2002,Germany,chris.johnson@mail.com
F8QC93XL,Ms.,Sam,Miller,15,12,1984,Japan,sam.miller@example.com
35VBEWLA,Dr.,Morgan,Garcia,15,10,1971,USA,morgan.garcia@test.org
OQY6TBX8,Prof.,Jane,Jones,21,04,1952,Brazil,jane.jones@mail.com
5KG12GGG,Prof.,Jane,Miller,07,11,1970,France,jane.miller@test.org
TR60VM03,Dr.,Riley,Rodriguez,10,10,1997,France,riley.rodriguez@test.org
VNQK0UZ4,Ms.,Chris,Jones,23,10,1968,Germany,chris.jones@mail.com
9OAMEL2T,Ms.,Riley,Martinez,03,04,1992,France,riley.martinez@mail.com
UGYFMJUK,Mrs.,Alex,Garcia,02,02,1960,France,alex.garcia@test.org
HPYRIII6,Mrs.,Casey,Martinez,16,01,1997,UK,casey.martinez@example.com
BPB9VI1Q,Dr.,Riley,Johnson,12,02,1953,Canada,riley.johnson@test.org
54U08V6G,Mrs.,Taylor,Brown,26,10,1954,UK,taylor.brown@mail.com
UEZWDYM7,Prof.,Chris,Garcia,09,02,1955,Japan,chris.garcia@mail.com
AR98UHAA,Mr.,Chris,Brown,11,09,1957,China,chris.brown@mail.com
1QB683QA,Prof.,Alex,Rodriguez,21,11,1950,USA,alex.rodriguez@mail.com
LSH72TYP,Dr.,Morgan,Johnson,05,08,2004,USA,morgan.johnson@example.com
OOIFBL4T,Ms.,Alex,Brown,06,12,2005,UK,alex.brown@test.org
XJW7SUQG,Dr.,Riley,Johnson,27,10,1977,UK,riley.johnson@example.com
YFQJWX6P,Mrs.,Chris,Jones,08,05,1999,Germany,chris.jones@example.com
7YZRXR9B,Prof.,Jordan,Smith,11,10,1960,UK,jordan.smith@test.org
HITAG3L6,Mr.,Riley,Rodriguez,09,06,1963,UK,riley.rodriguez@company.net
4IKH6E9Z,Mr.,Sam,Martinez,14,11,1967,UK,sam.martinez@company.net
4RGYI1WC,Mrs.,Taylor,Martinez,07,05,1961,China,taylor.martinez@test.org
EN3LVT9Z,Dr.,Riley,Jones,10,08,1994,USA,riley.jones@company.net
3UMFWLQ1,Dr.,Morgan,Garcia,09,10,1967,China,morgan.garcia@example.com
H2KALQX3,Prof.,Riley,Brown,21,03,1963,Germany,riley.brown@mail.com
B5MPJNHI,Mrs.,John,Williams,20,04,1982,China,john.williams@test.org
7R1U93XW,Mr.,Alex,Smith,13,10,1975,France,alex.smith@mail.com
A6SCHA9Q,Ms.,Alex,Smith,05,08,2005,UK,alex.smith@mail.com
79GM2P37,Ms.,Jordan,Davis,12,10,1958,China,jordan.davis@company.net
4VHJNJJ4,Prof.,Morgan,Martinez,17,03,1979,India,morgan.martinez@test.org
1N9HF69I,Mr.,Morgan,Williams,15,07,1957,Brazil,morgan.williams@test.org
ATCFVFZ8,Mrs.,Riley,Johnson,01,05,2004,Australia,riley.johnson@mail.com
K4ZB9VOW,Prof.,Chris,Miller,16,12,1971,India,chris.miller@example.com
ILVTRZWR,Prof.,Morgan,Smith,12,04,1965,China,morgan.smith@mail.com
OWLSG1U2,Ms.,Casey,Williams,01,07,1983,Canada,casey.williams@mail.com
5XNYN292,Mrs.,Chris,Williams,22,03,1970,USA,chris.williams@example.com
OB9PR1BO,Dr.,Jane,Garcia,11,12,1950,India,jane.garcia@company.net
99P6T00V,Ms.,Jane,Williams,25,10,1969,Japan,jane.williams@company.net
2FD5KR7N,Dr.,Riley,Martinez,20,01,1967,USA,riley.martinez@test.org
UBQVVM7N,Mrs.,Chris,Rodriguez,26,03,1981,Brazil,chris.rodriguez@mail.com
B55RGMNY,Dr.,Riley,Martinez,28,03,1958,Japan,riley.martinez@company.net
FV6I3PVL,Prof.,Jordan,Martinez,09,10,1957,France,jordan.martinez@mail.com
5WCBCZMO,Mr.,Sam,Miller,13,03,1964,USA,sam.miller@example.com
8Z24CDD3,Dr.,Jordan,Smith,06,08,2002,Brazil,jordan.smith@example.com
FS5O2H4I,Ms.,Riley,Martinez,20,06,1987,Japan,riley.martinez@company.net
H6H2WAFC,Mrs.,Chris,Brown,16,03,1957,France,chris.brown@test.org
E3Z4CP1D,Mrs.,Morgan,Davis,04,04,1982,UK,morgan.davis@company.net
6O40YY4T,Prof.,Sam,Johnson,10,01,1956,Canada,sam.johnson@company.net
A07CTFGH,Mrs.,Riley,Rodriguez,25,07,1982,China,riley.rodriguez@test.org
N67XCUAV,Prof.,John,Rodriguez,25,07,1990,Australia,john.rodriguez@mail.com
2DY2N575,Mr.,Riley,Brown,08,11,1956,Australia,riley.brown@example.com
KDH7YNHU,Ms.,Sam,Miller,02,02,1991,France,sam.miller@mail.com
AFHMW657,Ms.,Sam,Jones,02,12,1960,USA,sam.jones@test.org
1CQEKY2M,Prof.,Riley,Martinez,08,10,1968,Germany,riley.martinez@test.org
33SFPGIQ,Dr.,Morgan,Davis,14,09,1965,Canada,morgan.davis@example.com
2JV22JFL,Mrs.,Sam,Martinez,25,09,1953,Japan,sam.martinez@test.org
DIKPW2PA,Prof.,Taylor,Brown,23,01,1957,Canada,taylor.brown@company.net
LU0PGOZF,Dr.,John,Rodriguez,28,01,1999,UK,john.rodriguez@example.com
ADRUS10O,Ms.,Jane,Johnson,02,06,1982,France,jane.johnson@example.com
IWLU2J03,Dr.,Casey,Davis,28,08,1974,USA,casey.davis@mail.com
C5ZVOJZJ,Ms.,Alex,Davis,19,10,1954,Japan,alex.davis@company.net
VIE756IK,Mrs.,Alex,Brown,08,05,2005,India,alex.brown@test.org
4XL77ZF2,Mrs.,Jane,Martinez,19,08,1995,India,jane.martinez@company.net
KMASPAST,Prof.,Sam,Jones,22,07,1975,Canada,sam.jones@test.org
W8WJUGV7,Mr.,Jordan,Martinez,28,11,1999,Australia,jordan.martinez@example.com
0AHJ25QG,Prof.,John,Miller,16,03,1982,Germany,john.miller@test.org
9KF11GAX,Mr.,Morgan,Rodriguez,25,12,1970,Brazil,morgan.rodriguez@test.org
NQ7B4219,Dr.,Jordan,Davis,03,08,1989,India,jordan.davis@company.net
8LP5WJWH,Dr.,Casey,Davis,13,07,2004,Australia,casey.davis@mail.com
IVRFCORD,Prof.,Chris,Rodriguez,25,11,2004,Brazil,chris.rodriguez@example.com
LWJ8T1J4,Prof.,Chris,Jones,01,04,1987,Canada,chris.jones@mail.com
VETOA1XX,Ms.,Jordan,Brown,24,04,1983,France,jordan.brown@example.com
18JI1ET9,Ms.,Morgan,Johnson,27,04,1968,India,morgan.johnson@example.com
1BGDTY0O,Ms.,Casey,Garcia,22,08,1969,France,casey.garcia@mail.com
C4N13DX1,Ms.,Sam,Brown,26,09,1998,UK,sam.brown@company.net
P03JJ1QZ,Dr.,Chris,Rodriguez,03,09,1986,France,chris.rodriguez@test.org
AOO0XKSS,Mrs.,Taylor,Garcia,17,05,1974,India,taylor.garcia@test.org
N7BD1ZO5,Dr.,Riley,Smith,15,10,2002,Canada,riley.smith@company.net
6OI4VF43,Mr.,Casey,Jones,05,10,1996,Japan,casey.jones@mail.com
K6S2813X,Dr.,John,Martinez,23,06,1963,Germany,john.martinez@example.com
3L3UL0C5,Prof.,Jordan,Rodriguez,17,09,1980,USA,jordan.rodriguez@company.net
UO46H6JU,Dr.,Chris,Jones,19,06,1998,Canada,chris.jones@test.org
GWF0OLQ3,Mr.,Jordan,Martinez,25,08,1959,Canada,jordan.martinez@company.net
UVK72F36,Dr.,Riley,Smith,01,08,1988,India,riley.smith@mail.com
EOGCKPT9,Dr.,Sam,Garcia,01,02,1978,Australia,sam.garcia@company.net
8MJGDA08,Mr.,John,Jones,02,03,1975,France,john.jones@example.com
925YZTHE,Mrs.,Taylor,Garcia,08,04,1967,Brazil,taylor.garcia@test.org
D0ZNYM00,Ms.,Sam,Rodriguez,12,08,1955,USA,sam.rodriguez@example.com
TTVIYP7W,Mr.,Jane,Miller,07,06,1980,India,jane.miller@mail.com
8GPZBRMD,Prof.,Sam,Johnson,25,12,1959,USA,sam.johnson@test.org
72LFZWW7,Mrs.,Sam,Davis,18,07,1953,China,sam.davis@mail.com
N2E58GWW,Mrs.,Riley,Miller,08,01,1977,Germany,riley.miller@company.net
WI8LLHEU,Prof.,Jordan,Smith,06,06,1976,Japan,jordan.smith@test.org
7UBE3RYF,Dr.,Morgan,Rodriguez,10,03,1957,India,morgan.rodriguez@example.com
FV78AJVD,Dr.,Riley,Martinez,16,05,1976,UK,riley.martinez@company.net
P78LM3AE,Dr.,Alex,Williams,11,02,1964,Canada,alex.williams@test.org
NX5ULFLV,Dr.,Morgan,Rodriguez,07,09,1965,China,morgan.rodriguez@example.com
EA4KQZYS,Mr.,Chris,Martinez,22,11,2000,France,chris.martinez@company.net
LV6BFNWO,Mrs.,Riley,Davis,17,10,1987,UK,riley.davis@mail.com
PHW362CK,Mrs.,Chris,Davis,06,06,1983,Australia,chris.davis@company.net
2HDUIW8G,Dr.,Jordan,Garcia,25,05,1992,France,jordan.garcia@example.com
XJI4S4EE,Mr.,Morgan,Garcia,11,07,1987,Australia,morgan.garcia@example.com
2WILLQOH,Prof.,Sam,Williams,07,07,1950,Australia,sam.williams@test.org
JV31MATN,Mr.,Casey,Williams,03,03,1999,France,casey.williams@mail.com
D907B5PM,Prof.,Jordan,Smith,24,01,1995,India,jordan.smith@test.org
SJKFDQX7,Ms.,John,Davis,02,11,1959,Canada,john.davis@mail.com
WT66HH0D,Prof.,Chris,Johnson,13,06,1998,India,chris.johnson@mail.com
XPK044KH,Prof.,Chris,Williams,16,01,1984,India,chris.williams@example.com
95DW47TJ,Prof.,Morgan,Davis,16,11,1984,Australia,morgan.davis@example.com
M45HD6OI,Mrs.,Sam,Brown,03,10,1980,Australia,sam.brown@test.org
HFVIQV4C,Prof.,Jordan,Smith,23,03,1958,Japan,jordan.smith@example.com
5XSPZ3OD,Mr.,Jane,Jones,04,11,1955,Germany,jane.jones@company.net
9I88OS7Y,Prof.,Riley,Miller,17,05,1997,USA,riley.miller@example.com
V7SI9V0W,Prof.,Casey,Smith,14,11,1965,Japan,casey.smith@test.org
D1PWEUR2,Prof.,Jane,Rodriguez,19,03,1980,UK,jane.rodriguez@mail.com
33IXIIKY,Prof.,Sam,Miller,01,07,1954,Canada,sam.miller@example.com
RNY8UTQW,Ms.,John,Johnson,02,09,1980,Brazil,john.johnson@test.org
5TKC3VER,Dr.,Sam,Williams,18,11,1975,Australia,sam.williams@example.com
8M58JOJ6,Mrs.,Riley,Williams,02,03,1950,Brazil,riley.williams@example.com
9D9CINQW,Ms.,Sam,Smith,12,10,1994,UK,sam.smith@mail.com
6I91P33K,Ms.,Taylor,Jones,15,07,1967,Canada,taylor.jones@company.net
TJSDOUHR,Mrs.,John,Jones,24,06,1999,UK,john.jones@test.org
Q6JV15SM,Prof.,Riley,Williams,04,04,2001,Germany,riley.williams@test.org
9CR78EH1,Mr.,John,Davis,09,06,1970,Japan,john.davis@example.com
S3CXFR2M,Mr.,Jane,Miller,19,02,1966,Germany,jane.miller@example.com
K1KBQUT1,Ms.,John,Davis,07,04,1984,Australia,john.davis@test.org
81TJRPV7,Mrs.,Alex,Smith,19,05,1964,Canada,alex.smith@example.com
CDWV7U9G,Mr.,Casey,Williams,08,07,1950,Australia,casey.williams@company.net
KFIFZYN9,Mrs.,Alex,Martinez,16,01,1985,USA,alex.martinez@mail.com
P9RXME7W,Dr.,Casey,Martinez,04,09,1977,China,casey.martinez@company.net
77UVH1NO,Prof.,Jordan,Miller,20,02,1998,USA,jordan.miller@example.com
ZV4GN0K2,Mr.,Taylor,Garcia,20,03,1956,France,taylor.garcia@test.org
7I2JSC25,Mrs.,Chris,Brown,14,05,2001,Australia,chris.brown@mail.com
QK504SIH,Mrs.,Riley,Miller,26,02,2001,China,riley.miller@test.org
ZH1KGKN3,Dr.,Alex,Garcia,11,09,1982,Australia,alex.garcia@company.net
UE6TU2EP,Ms.,Jane,Johnson,15,06,1998,France,jane.johnson@company.net
PMLOKTW5,Mrs.,Sam,Davis,09,02,1959,UK,sam.davis@company.net
G79Y1EC3,Mrs.,John,Jones,19,03,1970,China,john.jones@company.net
AB99PQ6L,Prof.,Casey,Brown,15,07,1989,Brazil,casey.brown@company.net
KV1SJUL4,Mr.,Riley,Garcia,28,03,1950,USA,riley.garcia@mail.com
444AYSW5,Prof.,Casey,Davis,21,09,1998,Brazil,casey.davis@test.org
ZLNGNV1B,Prof.,Casey,Rodriguez,12,11,1962,Japan,casey.rodriguez@test.org
TGFB9D0B,Prof.,Casey,Smith,24,01,1993,Brazil,casey.smith@company.net
OLR7JPOL,Ms.,Taylor,Smith,27,12,2000,Germany,taylor.smith@mail.com
CVD5R2US,Prof.,Chris,Williams,06,09,2004,Brazil,chris.williams@company.net
29ZTAU32,Mrs.,Casey,Williams,11,04,1955,Germany,casey.williams@mail.com
RC7126B2,Prof.,John,Brown,07,10,1991,Brazil,john.brown@mail.com
JP8ICMHP,Ms.,Taylor,Brown,16,04,1964,Japan,taylor.brown@test.org
ZQ445S97,Dr.,Sam,Williams,21,02,1975,Brazil,sam.williams@test.org
DAL8NMI9,Mr.,Taylor,Martinez,27,08,1985,UK,taylor.martinez@mail.com
A1GMCL70,Ms.,Morgan,Miller,20,04,1987,Australia,morgan.miller@mail.com
CHWWAG5C,Mr.,Chris,Jones,10,12,1971,Germany,chris.jones@test.org
OU6MA917,Dr.,Jordan,Martinez,20,11,1979,Australia,jordan.martinez@company.net
WFABZ4D5,Mrs.,John,Johnson,19,12,2005,USA,john.johnson@company.net
3H1JLOMG,Mr.,Taylor,Miller,03,12,1954,USA,taylor.miller@test.org
LJCDV9QP,Prof.,Jane,Johnson,23,12,1956,Germany,jane.johnson@example.com
HF666DN3,Dr.,Casey,Garcia,07,08,1955,UK,casey.garcia@example.com
Y3XNLS6J,Mr.,Casey,Brown,25,02,1969,USA,casey.brown@company.net
2HSWUI1V,Dr.,Chris,Davis,06,06,1964,Brazil,chris.davis@mail.com
2M1EWAET,Prof.,Casey,Brown,04,01,1994,Germany,casey.brown@test.org
WVEO74QL,Mrs.,John,Williams,11,04,1991,China,john.williams@mail.com
NUO3FJJ6,Ms.,Jordan,Jones,11,05,1969,Canada,jordan.jones@test.org
7X4PS4KY,Mrs.,Morgan,Williams,26,08,1989,Australia,morgan.williams@example.com
NQ2R4WZ3,Ms.,Chris,Jones,11,01,2000,Brazil,chris.jones@company.net
GS3LHESN,Prof.,John,Davis,07,03,1995,Japan,john.davis@company.net
J1UYDHID,Ms.,Jane,Williams,28,09,1991,UK,jane.williams@mail.com
8A9KKWTG,Mrs.,John,Brown,09,06,1982,Canada,john.brown@company.net
EE5RMFXP,Mr.,Riley,Garcia,03,09,2005,UK,riley.garcia@company.net
TEK958BI,Mrs.,Chris,Jones,01,10,1953,France,chris.jones@mail.com
UA4POH9L,Dr.,Jordan,Smith,18,03,1953,China,jordan.smith@mail.com
QMAUM4UZ,Prof.,Morgan,Davis,07,01,1958,India,morgan.davis@test.org
NDNBN0GO,Ms.,Jordan,Rodriguez,22,03,1991,Brazil,jordan.rodriguez@company.net
A31M4YJ8,Mr.,Sam,Davis,05,04,1970,Australia,sam.davis@example.com
OZ3THLHR,Ms.,Chris,Rodriguez,25,12,1960,Japan,chris.rodriguez@example.com
Y5X5Z5RX,Mr.,Taylor,Smith,28,09,1953,France,taylor.smith@company.net
OJOTDUO2,Mrs.,John,Rodriguez,22,03,1968,China,john.rodriguez@example.com
WF0OPYD9,Prof.,Chris,Smith,03,02,1996,Japan,chris.smith@company.net
H3DG6QMG,Prof.,Chris,Miller,25,05,1996,Germany,chris.miller@company.net
OVS276KY,Dr.,Jane,Johnson,06,10,1992,Japan,jane.johnson@company.net
KHNR3EB2,Ms.,Casey,Smith,10,03,2001,France,casey.smith@company.net
3KY7KAI0,Ms.,John,Brown,12,02,1960,India,john.brown@mail.com
NPL4DKGX,Mrs.,John,Smith,20,09,1954,China,john.smith@company.net
15EJVVLH,Mr.,Morgan,Rodriguez,08,07,1956,India,morgan.rodriguez@test.org
IGQ2P1Y8,Dr.,Sam,Garcia,02,11,1970,China,sam.garcia@mail.com
9RBN5IGB,Ms.,Taylor,Brown,12,11,2004,Australia,taylor.brown@test.org
JN2NX88R,Dr.,Casey,Davis,07,05,1960,India,casey.davis@company.net
SFS0YI8Q,Dr.,Jane,Johnson,02,07,1970,France,jane.johnson@test.org
DBYAQ8U3,Dr.,Riley,Smith,28,01,1980,India,riley.smith@company.net
98LSBE07,Prof.,Jordan,Garcia,13,05,1959,Germany,jordan.garcia@test.org
6XIRTE2O,Ms.,Casey,Garcia,08,01,1987,Japan,casey.garcia@company.net
M1U5FZHX,Mr.,Jordan,Garcia,09,12,1996,China,jordan.garcia@company.net
RQR1QNFM,Ms.,Riley,Brown,15,03,1951,Australia,riley.brown@test.org
BOKL3WYJ,Mrs.,Sam,Johnson,01,07,1972,USA,sam.johnson@mail.com
7MXXUT2T,Mr.,Chris,Brown,06,03,1963,China,chris.brown@mail.com
HZUY15XI,Mrs.,Taylor,Davis,19,05,1995,USA,taylor.davis@example.com
PLR7GI0K,Ms.,Riley,Rodriguez,07,01,1984,China,riley.rodriguez@example.com
9BR2ZMSH,Mr.,Morgan,Johnson,01,02,1958,China,morgan.johnson@example.com
ST24J7DX,Mrs.,Alex,Martinez,21,11,1998,Brazil,alex.martinez@company.net
PEZER9B4,Ms.,Casey,Johnson,15,04,1971,UK,casey.johnson@example.com
X1RA1GC1,Mr.,Morgan,Williams,02,01,1994,China,morgan.williams@test.org
HNHEQ0L4,Mr.,Taylor,Rodriguez,20,12,1952,Brazil,taylor.rodriguez@example.com
XJI361DR,Dr.,Riley,Miller,24,08,2000,Brazil,riley.miller@test.org
BK1PNL5W,Mr.,Riley,Smith,21,06,1968,India,riley.smith@mail.com
2TGCKVLH,Prof.,Casey,Garcia,19,01,1986,France,casey.garcia@company.net
PXIDWURU,Prof.,Jane,Garcia,04,12,1987,UK,jane.garcia@company.net
PEOKWDJQ,Ms.,Alex,Miller,13,05,1993,Brazil,alex.miller@test.org
CO9ZYEC2,Prof.,Alex,Williams,05,03,1983,Canada,alex.williams@example.com
OC4FMZ3Q,Mrs.,Riley,Smith,07,11,1964,UK,riley.smith@mail.com
W1R6WV23,Prof.,Alex,Brown,11,08,1993,Germany,alex.brown@mail.com
KTO2P801,Prof.,Casey,Williams,23,09,1968,UK,casey.williams@test.org
NCWVO8W5,Dr.,Casey,Davis,18,04,1978,China,casey.davis@mail.com
IJIFKHM7,Mrs.,Morgan,Davis,01,08,1993,France,morgan.davis@test.org
VY7WE5HV,Ms.,Jordan,Brown,20,03,1977,Australia,jordan.brown@mail.com
U09AU8TP,Mrs.,Jane,Martinez,22,01,1988,Australia,jane.martinez@company.net
EWCK4HQT,Mr.,Chris,Williams,22,04,1957,Germany,chris.williams@example.com
ZCYAHBC0,Prof.,Casey,Miller,10,06,1959,Canada,casey.miller@company.net
3WD9D7DV,Mr.,Morgan,Miller,11,04,1988,UK,morgan.miller@test.org
SSFG3JR1,Prof.,Jordan,Miller,28,08,2000,UK,jordan.miller@test.org
6IA9TA6C,Mr.,Riley,Johnson,19,02,1994,India,riley.johnson@mail.com
KLYQYU08,Dr.,Taylor,Jones,04,03,1951,UK,taylor.jones@company.net
5HMBDAXO,Ms.,Jane,Martinez,09,09,1959,Australia,jane.martinez@example.com
4IXDITNQ,Ms.,Chris,Miller,11,10,2005,USA,chris.miller@company.net
8DIM4PIR,Mr.,Sam,Rodriguez,13,11,1966,Canada,sam.rodriguez@mail.com
DX63GJC0,Ms.,Morgan,Rodriguez,11,11,1967,Brazil,morgan.rodriguez@example.com
P4JK8184,Dr.,Taylor,Williams,18,01,1983,Japan,taylor.williams@example.com
FN4NSITN,Mr.,Chris,Rodriguez,21,04,1959,Japan,chris.rodriguez@company.net
O1VQVVHC,Dr.,Taylor,Garcia,02,07,1974,China,taylor.garcia@company.net
73GS4KQG,Dr.,Chris,Garcia,16,05,1969,Australia,chris.garcia@test.org
9TNT81IJ,Mrs.,Riley,Brown,12,11,1968,Australia,riley.brown@company.net
KFHEFSH9,Mr.,Casey,Brown,21,11,1951,China,casey.brown@company.net
39KPHXK7,Mrs.,Alex,Williams,24,09,1982,France,alex.williams@example.com
5H2EG8DN,Prof.,Sam,Williams,17,03,1967,China,sam.williams@example.com
H9OGFGQO,Prof.,Riley,Miller,15,09,1970,China,riley.miller@company.net
SJIVPHNU,Dr.,Riley,Jones,28,03,1961,Canada,riley.jones@mail.com
NMRPD7C3,Mrs.,Casey,Jones,25,06,1951,France,casey.jones@company.net
1M4E1YYW,Ms.,Sam,Martinez,16,12,1965,UK,sam.martinez@mail.com
0Q2P3CFG,Mr.,Jane,Smith,04,04,1975,Germany,jane.smith@company.net
LS3VTT0X,Mr.,Riley,Johnson,23,06,1982,UK,riley.johnson@example.com
34S7GBB5,Mr.,Riley,Rodriguez,20,02,1959,France,riley.rodriguez@company.net
YG0LRGAZ,Dr.,Alex,Smith,04,09,1973,Canada,alex.smith@mail.com
A75LJUE0,Ms.,Alex,Jones,24,06,1973,Brazil,alex.jones@mail.com
0DUA109X,Prof.,Jane,Smith,25,02,1974,Germany,jane.smith@company.net
P1XDQLJS,Prof.,John,Jones,28,02,1994,Germany,john.jones@test.org
0QF18V1Z,Mrs.,Riley,Miller,02,02,1973,India,riley.miller@mail.com
C5N0NH54,Prof.,Chris,Jones,28,04,1974,China,chris.jones@test.org
0PMWSV5X,Dr.,Alex,Miller,27,10,1952,USA,alex.miller@test.org
BREH3MD6,Prof.,Jane,Miller,27,12,1963,France,jane.miller@test.org
76QVXF9T,Ms.,Taylor,Martinez,01,05,1962,Brazil,taylor.martinez@mail.com
NPO4ZX99,Prof.,Chris,Davis,27,10,1965,Australia,chris.davis@company.net
8TVBOMWF,Dr.,Sam,Williams,25,09,1979,USA,sam.williams@example.com
FLOSMQ8Q,Mr.,Riley,Williams,08,09,1963,USA,riley.williams@company.net
QJUDD4FB,Ms.,Jordan,Johnson,07,03,1952,Japan,jordan.johnson@test.org
TLD1B5CE,Prof.,Sam,Smith,19,02,1964,Germany,sam.smith@example.com
6KCRB7Y9,Mrs.,Riley,Miller,13,12,1966,Germany,riley.miller@test.org
JGHK23JO,Mrs.,Riley,Jones,28,01,1968,Brazil,riley.jones@mail.com
KXKNLQZO,Mr.,Morgan,Davis,26,07,1955,Canada,morgan.davis@example.com
P31ITNV7,Ms.,Taylor,Smith,15,06,1952,USA,taylor.smith@test.org
TID76MHL,Mrs.,Morgan,Brown,03,02,1964,Brazil,morgan.brown@test.org
179WJY03,Prof.,Taylor,Johnson,11,02,1965,Canada,taylor.johnson@example.com
LVXTBX3C,Prof.,Jordan,Jones,10,04,1953,France,jordan.jones@test.org
FC655GSF,Mrs.,Jane,Johnson,06,04,2003,Japan,jane.johnson@company.net
J2SVTHUJ,Mr.,Sam,Davis,03,08,1988,USA,sam.davis@test.org
70Y6TBAR,Mr.,Casey,Miller,08,03,1965,France,casey.miller@company.net
W4SGK8A0,Ms.,Jane,Miller,16,12,1976,China,jane.miller@mail.com
8Q2JCE66,Mr.,Sam,Davis,08,01,1985,USA,sam.davis@mail.com
4PRQMXYY,Mrs.,Morgan,Miller,01,12,1981,Brazil,morgan.miller@mail.com
TZLF3HPY,Mrs.,Morgan,Rodriguez,06,09,1994,France,morgan.rodriguez@test.org
GT601B5T,Dr.,Riley,Smith,08,06,1971,Japan,riley.smith@example.com
2OWQIXFG,Prof.,Casey,Jones,26,03,1954,India,casey.jones@test.org
RUBIOHRG,Prof.,Taylor,Jones,27,01,2000,France,taylor.jones@test.org
8UWHKZFN,Mr.,John,Jones,19,05,1952,Japan,john.jones@test.org
SA8KE6WE,Prof.,Morgan,Williams,02,01,1957,UK,morgan.williams@test.org
8H836BL6,Mr.,Morgan,Williams,24,01,1958,Australia,morgan.williams@company.net
3U6ULYTB,Dr.,Jane,Davis,22,01,1957,USA,jane.davis@example.com
1I46ETND,Prof.,John,Rodriguez,22,11,1980,USA,john.rodriguez@company.net
JSWWEL1Z,Dr.,Jordan,Johnson,10,08,1997,USA,jordan.johnson@mail.com
MU0DCYZS,Ms.,John,Jones,09,02,1979,USA,john.jones@example.com
X6MH5ZJY,Prof.,Alex,Garcia,05,09,1978,France,alex.garcia@company.net
3AKU1OUX,Ms.,Taylor,Garcia,26,04,2000,Japan,taylor.garcia@test.org
ARIQ49C0,Prof.,Morgan,Davis,11,03,1988,Japan,morgan.davis@example.com
NATLADEK,Ms.,Chris,Smith,01,01,1996,Japan,chris.smith@company.net
V6J7GE16,Mrs.,Jane,Davis,01,02,2004,China,jane.davis@example.com
VHA8OQSB,Mrs.,Riley,Brown,07,07,1980,China,riley.brown@example.com
B8A7TVBZ,Mr.,Chris,Smith,03,11,1976,USA,chris.smith@company.net
P2JK6BLO,Dr.,Jane,Rodriguez,09,08,1958,India,jane.rodriguez@company.net
9URNWST7,Prof.,Casey,Garcia,02,08,1978,China,casey.garcia@company.net
PRZLJ6CX,Ms.,Casey,Garcia,12,04,1992,UK,casey.garcia@mail.com
24TD0O31,Mrs.,Taylor,Jones,07,05,1987,USA,taylor.jones@example.com
52FW02Y1,Mrs.,Casey,Smith,25,12,1956,Australia,casey.smith@company.net
4TWZT2B2,Mrs.,Morgan,Martinez,26,04,1980,USA,morgan.martinez@test.org
BFYFNZUP,Dr.,John,Williams,03,02,1957,France,john.williams@mail.com
RVHPO8OD,Prof.,Sam,Rodriguez,05,01,1966,India,sam.rodriguez@company.net
C9UYPZGO,Dr.,Riley,Smith,07,12,2000,India,riley.smith@test.org
X0FQTGMF,Dr.,Riley,Davis,01,02,1957,UK,riley.davis@example.com
JXETO4N9,Prof.,Jordan,Miller,24,11,1954,Brazil,jordan.miller@test.org
53SCT9MO,Ms.,Casey,Williams,17,08,1998,Germany,casey.williams@example.com
0P9MDOP2,Dr.,Taylor,Martinez,19,09,2000,France,taylor.martinez@test.org
8N7B5RX6,Mr.,John,Rodriguez,20,08,1996,Canada,john.rodriguez@test.org
V8UQV7VD,Prof.,Alex,Smith,16,05,1951,China,alex.smith@example.com
ZH7W1H45,Mrs.,Riley,Jones,28,02,1974,China,riley.jones@company.net
QJ94U2UP,Mrs.,Morgan,Johnson,02,10,1990,Brazil,morgan.johnson@mail.com
3FR3UKZ3,Mrs.,Casey,Rodriguez,25,02,1953,France,casey.rodriguez@example.com
SOFK0PSG,Dr.,Taylor,Jones,20,07,1960,China,taylor.jones@company.net
Z4LV53UF,Mrs.,Alex,Smith,07,09,1960,Brazil,alex.smith@mail.com
YUG0O8CH,Mr.,Jordan,Miller,28,10,2003,Australia,jordan.miller@company.net
WL6O6351,Ms.,Riley,Smith,15,02,1991,Germany,riley.smith@company.net
XK183AG2,Mrs.,Jordan,Martinez,03,01,1980,China,jordan.martinez@company.net
EO7IL70Q,Prof.,Alex,Davis,14,07,2001,USA,alex.davis@mail.com
CDBAE7YU,Ms.,Jane,Johnson,17,09,1957,Japan,jane.johnson@company.net
ZJIF380U,Ms.,Morgan,Williams,13,02,2005,Japan,morgan.williams@test.org
6WCEVIN3,Ms.,Jordan,Williams,06,07,1968,Japan,jordan.williams@test.org
IWVIUXH4,Dr.,Jane,Brown,03,08,1990,Australia,jane.brown@test.org
UFEFKZVU,Mr.,Alex,Smith,08,05,1954,Canada,alex.smith@company.net
1XII3U5I,Dr.,Morgan,Jones,16,01,1982,Canada,morgan.jones@test.org
NVR5EPIL,Mr.,Taylor,Williams,17,09,1993,Japan,taylor.williams@example.com
EGQ99HGQ,Dr.,Sam,Garcia,05,03,1974,China,sam.garcia@mail.com
TQDH86BD,Mrs.,Jordan,Martinez,12,12,1988,France,jordan.martinez@mail.com
GZ8XFLLF,Mr.,Alex,Garcia,02,01,1986,France,alex.garcia@example.com
YVMUUSG1,Mr.,Jordan,Davis,02,07,1986,Canada,jordan.davis@test.org
GD54CQ07,Dr.,Jordan,Martinez,17,04,1967,France,jordan.martinez@example.com
RHBIU8FU,Dr.,Jordan,Jones,03,12,1966,China,jordan.jones@example.com
92VD3SCF,Mr.,Alex,Williams,26,09,1981,Australia,alex.williams@example.com
GSSX7YQX,Ms.,Casey,Martinez,11,06,1971,UK,casey.martinez@mail.com
BN7EM6R8,Ms.,Alex,Davis,26,01,1962,India,alex.davis@example.com
UUV064W6,Mr.,Jordan,Williams,09,05,1984,India,jordan.williams@example.com
Z180H03H,Mrs.,Sam,Brown,06,01,1989,Brazil,sam.brown@mail.com
MR95L7XQ,Mr.,Casey,Jones,22,04,1974,France,casey.jones@test.org
X9O157HG,Mrs.,John,Davis,14,02,1999,Canada,john.davis@company.net
8K839MJ5,Mr.,John,Martinez,05,10,1985,USA,john.martinez@mail.com
PVV2R553,Mr.,Casey,Johnson,12,10,1982,Japan,casey.johnson@test.org
NUV8TM4L,Mrs.,Morgan,Smith,10,12,1985,Brazil,morgan.smith@mail.com
HPO2F4WS,Mrs.,John,Rodriguez,11,07,1986,UK,john.rodriguez@test.org
JXS16XHG,Mr.,Casey,Johnson,16,12,2000,Germany,casey.johnson@company.net
JO4AZRPP,Mrs.,Alex,Rodriguez,06,09,1953,Germany,alex.rodriguez@example.com
WN4G9N24,Ms.,Casey,Smith,15,04,1992,UK,casey.smith@test.org
LTMB4FSN,Dr.,Riley,Smith,06,02,1998,Germany,riley.smith@example.com
MZSSIREE,Mrs.,Jane,Williams,17,04,1950,India,jane.williams@company.net
YI4YZ2NU,Dr.,Sam,Rodriguez,24,06,1950,France,sam.rodriguez@mail.com
GXRVZRPB,Mrs.,Sam,Miller,01,06,1977,France,sam.miller@mail.com
GR25YKRS,Prof.,Chris,Williams,15,03,1954,Brazil,chris.williams@test.org
ODQE49DS,Ms.,Riley,Johnson,08,06,1975,Canada,riley.johnson@mail.com
WXKER1XA,Prof.,Jordan,Garcia,15,03,1955,India,jordan.garcia@company.net
GM4JOKT5,Dr.,Casey,Jones,08,09,1978,India,casey.jones@example.com
MAXWFD55,Mrs.,Sam,Garcia,01,02,1980,Japan,sam.garcia@company.net
KFLNRCOI,Mr.,Jane,Brown,28,07,1964,USA,jane.brown@company.net
OUWW0O6Z,Mr.,Taylor,Jones,18,12,1955,Canada,taylor.jones@mail.com
5PBF26O9,Mrs.,Alex,Smith,05,05,1995,UK,alex.smith@example.com
MTLDAHEO,Prof.,Alex,Miller,02,08,2004,France,alex.miller@test.org
0LB2U15G,Mrs.,Sam,Williams,13,02,1967,Germany,sam.williams@example.com
F4I635SZ,Mrs.,Jordan,Martinez,10,08,1999,Germany,jordan.martinez@mail.com
KTRR286S,Mr.,Riley,Garcia,22,04,1953,India,riley.garcia@company.net
J9HL89H5,Dr.,Jane,Johnson,14,12,2001,USA,jane.johnson@example.com
K2SF43M3,Ms.,Casey,Miller,12,01,1981,Germany,casey.miller@example.com
CHAE9PU4,Prof.,John,Jones,14,07,1952,France,john.jones@company.net
U3RBAO7E,Mr.,Taylor,Garcia,01,11,1966,Brazil,taylor.garcia@company.net
FXJL3TOV,Mrs.,Casey,Rodriguez,05,07,1955,Germany,casey.rodriguez@test.org
6XPGNIDE,Ms.,John,Garcia,24,11,1991,UK,john.garcia@mail.com
FFIWC29N,Mr.,Sam,Williams,22,06,1951,China,sam.williams@test.org
0ONYMFAS,Dr.,John,Williams,11,05,1966,Brazil,john.williams@test.org
T1LMCEBH,Mr.,Casey,Miller,24,05,1973,USA,casey.miller@mail.com
XRPM4NXZ,Dr.,Taylor,Williams,10,05,1950,UK,taylor.williams@example.com
PLPVOW58,Prof.,Chris,Martinez,18,09,1971,Germany,chris.martinez@test.org
QWJ7HZF5,Dr.,John,Johnson,06,10,1959,Brazil,john.johnson@mail.com
T98IZYMK,Prof.,Morgan,Davis,06,06,1959,Australia,morgan.davis@company.net
FR7QO0S6,Ms.,Sam,Rodriguez,21,04,1952,India,sam.rodriguez@mail.com
7RVPK4VT,Dr.,Riley,Rodriguez,05,12,1989,UK,riley.rodriguez@example.com
KYNO9DTA,Prof.,Jordan,Martinez,15,02,2002,Germany,jordan.martinez@test.org
Q1PBRACG,Mrs.,Riley,Jones,07,03,1980,Japan,riley.jones@test.org
YWN5UZO4,Prof.,Chris,Garcia,08,05,1974,India,chris.garcia@example.com
30UXA5UH,Mr.,Alex,Miller,16,05,1973,Brazil,alex.miller@company.net
IYW5R3WB,Mr.,Casey,Garcia,24,04,1995,Brazil,casey.garcia@company.net
PG3J4PRJ,Mr.,Morgan,Martinez,08,01,1963,Australia,morgan.martinez@example.com
LEK9QAQG,Dr.,Jane,Johnson,04,05,1984,Japan,jane.johnson@mail.com
QEHT37DM,Mr.,Chris,Davis,02,11,1973,India,chris.davis@company.net
A7LD327U,Dr.,Jordan,Johnson,21,09,1983,UK,jordan.johnson@mail.com
H9OVVT65,Ms.,John,Williams,28,10,1964,China,john.williams@company.net
4DFGPFNO,Ms.,Riley,Jones,20,08,1950,USA,riley.jones@example.com
IVDTR4V3,Ms.,Alex,Miller,10,08,1962,UK,alex.miller@company.net
T8KRVZ97,Mrs.,John,Jones,18,02,1951,Brazil,john.jones@company.net
4PDCOZJ9,Mrs.,Sam,Rodriguez,12,08,1982,UK,sam.rodriguez@mail.com
SJTAQB89,Ms.,Morgan,Smith,10,10,1976,Germany,morgan.smith@example.com
2BRC038X,Ms.,Riley,Miller,12,02,1968,Japan,riley.miller@company.net
57AQYS2A,Mrs.,Taylor,Jones,16,06,1959,China,taylor.jones@company.net
VQO09REJ,Mr.,Jordan,Davis,23,06,1961,Japan,jordan.davis@mail.com
9F0YBFJK,Mrs.,Sam,Garcia,22,02,1961,India,sam.garcia@example.com
MLFPHLJ7,Ms.,Taylor,Brown,04,01,1985,USA,taylor.brown@mail.com
PTXQ5DSQ,Ms.,Chris,Martinez,12,02,2002,USA,chris.martinez@example.com
X9GZ7U2U,Ms.,John,Rodriguez,02,09,1997,India,john.rodriguez@test.org
JN4209AJ,Mrs.,Sam,Jones,22,06,2002,China,sam.jones@test.org
YULYBORD,Prof.,Riley,Davis,20,09,1956,USA,riley.davis@company.net
GOK1VF2R,Ms.,Casey,Rodriguez,01,06,2003,China,casey.rodriguez@mail.com
28NCLKAF,Dr.,Jane,Garcia,07,10,1976,Brazil,jane.garcia@test.org
RR7D0PFR,Prof.,Jordan,Brown,25,03,1998,Canada,jordan.brown@company.net
AEBDXUUT,Prof.,Jordan,Davis,27,09,1963,USA,jordan.davis@mail.com
9K30SH42,Mr.,Sam,Brown,08,12,1992,UK,sam.brown@test.org
JX2ROOBN,Ms.,Morgan,Smith,25,09,1954,Germany,morgan.smith@mail.com
GGL8HILH,Ms.,Jane,Brown,02,08,1971,USA,jane.brown@test.org
I4TLTM9E,Dr.,Taylor,Martinez,24,11,1989,India,taylor.martinez@example.com
X8YPEQTC,Ms.,Sam,Martinez,28,08,1984,Japan,sam.martinez@mail.com
5O3DG2EP,Ms.,Jordan,Johnson,21,10,1956,Canada,jordan.johnson@test.org
0ODLFNBT,Ms.,Taylor,Smith,15,03,1984,UK,taylor.smith@test.org
6GILHGU3,Mr.,Jordan,Jones,22,03,1973,USA,jordan.jones@example.com
VVDRTOBM,Mrs.,Riley,Garcia,12,03,1982,India,riley.garcia@company.net
9E55RXMT,Dr.,Alex,Davis,07,09,1963,France,alex.davis@mail.com
P1HXAWTQ,Ms.,Jordan,Rodriguez,11,11,1951,Canada,jordan.rodriguez@example.com
VRGC0LQU,Mr.,Taylor,Miller,27,05,1962,UK,taylor.miller@company.net
XJRUKJRE,Mr.,Jane,Johnson,26,02,1965,Australia,jane.johnson@company.net
YYFBOMNH,Mr.,Morgan,Johnson,27,04,1998,Australia,morgan.johnson@company.net
Z846EGT6,Prof.,Alex,Martinez,20,05,1996,China,alex.martinez@example.com
LKR24K07,Dr.,Alex,Davis,19,04,1992,China,alex.davis@company.net
H0I4BEBQ,Dr.,Taylor,Rodriguez,22,02,1968,Australia,taylor.rodriguez@test.org
K1AZ75KN,Mr.,John,Martinez,27,09,1962,USA,john.martinez@company.net
EYA4OZE4,Prof.,Sam,Rodriguez,14,08,1970,Australia,sam.rodriguez@test.org
KM38IVTT,Mr.,Morgan,Smith,25,05,1977,Germany,morgan.smith@company.net
T4SMQGJI,Dr.,Morgan,Martinez,10,11,1989,Australia,morgan.martinez@test.org
P34DV38P,Prof.,Alex,Jones,28,03,1953,USA,alex.jones@example.com
0Y2ZGQMV,Dr.,Taylor,Rodriguez,12,07,1975,UK,taylor.rodriguez@mail.com
WJYAV8FZ,Mr.,Taylor,Brown,13,11,1958,Australia,taylor.brown@company.net
ORQV61N8,Ms.,Jane,Martinez,23,02,1964,France,jane.martinez@test.org
UGG4O7JP,Prof.,Jane,Jones,25,05,1961,UK,jane.jones@company.net
ZBL4516A,Mrs.,Riley,Jones,08,05,1954,Australia,riley.jones@example.com
CX82ZMYA,Dr.,Sam,Jones,13,01,2000,Germany,sam.jones@test.org
KCDDZTOM,Mrs.,Taylor,Brown,26,03,1984,Australia,taylor.brown@example.com
L1M3UMQW,Ms.,Alex,Rodriguez,20,09,1997,India,alex.rodriguez@test.org
MCD0CH74,Mr.,Taylor,Garcia,12,05,1980,Canada,taylor.garcia@mail.com
BR63GLF6,Mrs.,Morgan,Brown,21,08,1955,Australia,morgan.brown@example.com
5FZU937A,Prof.,Morgan,Brown,24,01,1966,Brazil,morgan.brown@example.com
XAVC5AWC,Ms.,Jordan,Smith,23,04,1964,Brazil,jordan.smith@mail.com
AHJ2SJLU,Dr.,Alex,Jones,19,11,1974,UK,alex.jones@example.com
QRLTO6IA,Dr.,Alex,Miller,06,12,1991,Canada,alex.miller@mail.com
PQ18L18J,Prof.,Morgan,Smith,26,09,1952,Brazil,morgan.smith@test.org
MHCFXS64,Prof.,Morgan,Rodriguez,18,03,2002,Germany,morgan.rodriguez@test.org
558YIHMS,Dr.,Chris,Rodriguez,15,04,1970,Japan,chris.rodriguez@test.org
59ULUJNI,Dr.,Taylor,Jones,24,05,1950,China,taylor.jones@mail.com
KBFTGTDB,Prof.,Sam,Johnson,19,01,1955,India,sam.johnson@mail.com
NAN08W2F,Ms.,John,Johnson,04,01,1987,Brazil,john.johnson@mail.com
WY0P3WJU,Ms.,Alex,Williams,14,10,1997,Brazil,alex.williams@test.org
WFZKOC7Z,Dr.,Jordan,Martinez,25,01,1992,Canada,jordan.martinez@test.org
CK98HF0D,Prof.,Jane,Brown,23,02,1980,Brazil,jane.brown@example.com
BNA9SYOW,Mr.,Morgan,Rodriguez,15,04,1979,India,morgan.rodriguez@company.net
SBN8UOY5,Mr.,Jane,Johnson,22,04,1979,China,jane.johnson@mail.com
HAWAF5EK,Prof.,Sam,Jones,27,04,1956,Australia,sam.jones@test.org
FMOX5BLU,Dr.,Jane,Johnson,28,01,1996,China,jane.johnson@test.org
G9VDQI3R,Prof.,Jane,Davis,03,01,1990,Japan,jane.davis@mail.com
UKNRIZXE,Prof.,Jane,Miller,21,08,1967,Australia,jane.miller@company.net
7HFRWJQB,Dr.,Casey,Smith,14,09,1963,France,casey.smith@mail.com
LR2TDDYY,Ms.,Taylor,Rodriguez,18,11,1969,India,taylor.rodriguez@company.net
5CQY68D6,Mrs.,Jane,Miller,12,04,1951,Canada,jane.miller@test.org
SCNITE9Q,Prof.,Riley,Williams,09,09,1961,Australia,riley.williams@example.com
83MKOH1V,Dr.,Alex,Smith,14,06,1988,Canada,alex.smith@example.com
ZPB7H5B0,Prof.,Riley,Miller,25,04,1982,Canada,riley.miller@example.com
4IF7G51R,Dr.,Riley,Martinez,17,04,1993,UK,riley.martinez@mail.com
AQ6S405E,Dr.,Chris,Garcia,03,02,1995,Brazil,chris.garcia@company.net
7MFVBNMC,Mrs.,Morgan,Miller,11,12,1994,UK,morgan.miller@company.net
K3DE6JW1,Mrs.,Chris,Rodriguez,02,11,1986,Brazil,chris.rodriguez@example.com
ALMQJUS4,Dr.,Riley,Miller,06,10,1973,Brazil,riley.miller@company.net
4FHPJH9S,Dr.,Jordan,Johnson,24,01,1967,Brazil,jordan.johnson@example.com
Y2I44HH8,Mrs.,Sam,Brown,12,08,2003,Germany,sam.brown@company.net
W8BRFA70,Prof.,Sam,Williams,12,07,1963,Brazil,sam.williams@company.net
RU3T8T8X,Mrs.,Chris,Johnson,11,10,1974,Brazil,chris.johnson@mail.com
P22BY1NR,Mr.,Taylor,Johnson,13,06,1950,UK,taylor.johnson@test.org
4TTVE64G,Mr.,Taylor,Brown,03,04,2004,India,taylor.brown@example.com
9S3LIHJY,Prof.,Jane,Martinez,06,02,1993,Australia,jane.martinez@test.org
UU680GXP,Mrs.,Taylor,Miller,06,05,1990,USA,taylor.miller@mail.com
LFAYO61H,Mr.,Alex,Martinez,03,02,1999,Germany,alex.martinez@test.org
86HAMERG,Mr.,Riley,Jones,08,09,1978,France,riley.jones@example.com
O6IBG5PN,Prof.,Chris,Martinez,01,08,1989,India,chris.martinez@company.net
YX1RD4LT,Dr.,John,Johnson,22,02,1977,UK,john.johnson@mail.com
RX1MDVD1,Ms.,Sam,Brown,06,12,1994,Brazil,sam.brown@test.org
N8TPPS1F,Mrs.,Casey,Garcia,26,09,1994,Australia,casey.garcia@example.com
FGA0O002,Ms.,Casey,Garcia,17,09,1991,China,casey.garcia@mail.com
SV5LZLIE,Ms.,Sam,Williams,22,07,1957,India,sam.williams@test.org
681K4EAF,Ms.,Sam,Davis,01,01,1979,Germany,sam.davis@example.com
T9NYWJ7F,Mr.,Jane,Jones,05,03,1998,Germany,jane.jones@company.net
0471115L,Ms.,Morgan,Martinez,26,09,1958,India,morgan.martinez@mail.com
AQ4QS320,Mr.,Chris,Williams,15,09,2003,Brazil,chris.williams@mail.com
OU8Q7QCP,Mrs.,Alex,Garcia,20,06,1999,China,alex.garcia@test.org
ZV3I66J2,Prof.,Morgan,Brown,25,10,1963,China,morgan.brown@mail.com
YXY8TVEE,Dr.,Jordan,Jones,11,08,1990,China,jordan.jones@company.net
6KNZAC49,Mr.,Jane,Martinez,26,04,1981,Germany,jane.martinez@mail.com
B1PI2OH4,Ms.,Chris,Rodriguez,15,04,1958,Brazil,chris.rodriguez@mail.com
D5UKZODR,Prof.,Jane,Johnson,11,01,1961,France,jane.johnson@test.org
L8HNC89F,Mrs.,Alex,Johnson,14,10,1974,Australia,alex.johnson@example.com
MOU4AG3J,Mr.,Morgan,Davis,21,03,1994,Germany,morgan.davis@test.org
G8S1WUQN,Ms.,Taylor,Williams,22,04,1978,Japan,taylor.williams@example.com
50011X5O,Dr.,Morgan,Williams,14,08,1998,Germany,morgan.williams@test.org
OY1SOWN8,Mr.,Casey,Rodriguez,14,09,1968,Brazil,casey.rodriguez@company.net
Z8R1NJTR,Mr.,Chris,Williams,07,11,1999,China,chris.williams@mail.com
T6W29697,Ms.,Jane,Williams,25,06,1960,UK,jane.williams@company.net
1YXXVYSY,Prof.,Taylor,Brown,12,07,1995,Germany,taylor.brown@test.org
V4PBCL1V,Mrs.,Jordan,Smith,12,08,1954,India,jordan.smith@test.org
I74BKO2V,Ms.,Jordan,Davis,13,05,1961,Germany,jordan.davis@example.com
8OQR0V1O,Dr.,Chris,Brown,08,02,1960,China,chris.brown@example.com
R9RWTO1A,Mrs.,Jordan,Smith,04,07,1960,China,jordan.smith@company.net
H6IA4LY8,Dr.,Alex,Williams,10,02,1951,China,alex.williams@mail.com
IZUVVII5,Mr.,John,Davis,24,03,2001,USA,john.davis@example.com
58NMDI8J,Mrs.,Casey,Rodriguez,09,02,1981,Germany,casey.rodriguez@test.org
Y5IY9NKE,Dr.,Jane,Jones,28,11,1967,China,jane.jones@example.com
OMGWY5SZ,Mrs.,Jane,Garcia,18,08,2004,UK,jane.garcia@mail.com
ZX822CPA,Prof.,Riley,Williams,23,04,1961,Brazil,riley.williams@test.org
TXFVT58Y,Mr.,Chris,Jones,19,06,1979,China,chris.jones@test.org
T5L83XHJ,Dr.,Jordan,Jones,01,03,1966,Brazil,jordan.jones@mail.com
JD6XJBAV,Mr.,Jane,Davis,11,04,1954,UK,jane.davis@example.com
A6TR2WNA,Mr.,Taylor,Smith,07,12,1963,Brazil,taylor.smith@mail.com
2OYBUBAV,Ms.,Alex,Williams,08,07,1990,Brazil,alex.williams@company.net
V7W0KCTY,Prof.,Sam,Brown,13,02,1957,Brazil,sam.brown@company.net
WNZ7U9DL,Prof.,Morgan,Johnson,14,09,1993,Japan,morgan.johnson@test.org
MNHYI572,Ms.,Riley,Martinez,05,04,1965,Canada,riley.martinez@test.org
74NOXO3E,Ms.,Jane,Smith,17,07,1984,Japan,jane.smith@example.com
PZU052BL,Prof.,John,Jones,01,05,1958,China,john.jones@example.com
1QX5Z49K,Mrs.,Chris,Williams,06,01,1965,Canada,chris.williams@company.net
BYKPA3I1,Ms.,Riley,Rodriguez,27,08,1955,Brazil,riley.rodriguez@company.net
8B22FRMI,Dr.,Chris,Smith,06,07,1956,France,chris.smith@test.org
OFCEBUHQ,Dr.,Alex,Miller,19,06,1969,USA,alex.miller@example.com
NMRV0Q8U,Prof.,Alex,Smith,28,09,1992,France,alex.smith@test.org
AKS9WA16,Ms.,Riley,Martinez,22,05,2001,Canada,riley.martinez@test.org
GUBJCYNU,Prof.,Casey,Brown,07,04,1990,China,casey.brown@test.org
RB8ORAH9,Ms.,Sam,Johnson,21,06,1968,Brazil,sam.johnson@test.org
B0ES183S,Mr.,Morgan,Rodriguez,06,10,1990,France,morgan.rodriguez@example.com
05SX182A,Ms.,Sam,Brown,11,07,1979,UK,sam.brown@mail.com
7LZQ9SCJ,Mrs.,Taylor,Brown,06,06,1980,China,taylor.brown@test.org
5ZR1ZK3U,Prof.,Jane,Smith,01,07,2005,Brazil,jane.smith@test.org
RGEUIBZK,Mr.,Alex,Miller,26,09,1985,USA,alex.miller@company.net
TFU53GSH,Mrs.,John,Martinez,12,02,1977,France,john.martinez@test.org
BSLBTWED,Mr.,Casey,Williams,28,11,1990,UK,casey.williams@mail.com
EV1KQKDM,Mrs.,Riley,Rodriguez,02,05,1995,China,riley.rodriguez@mail.com
278WTEC0,Prof.,Jane,Brown,02,11,1976,China,jane.brown@mail.com
VUBZD3RE,Ms.,Riley,Brown,27,06,1973,UK,riley.brown@example.com
2ATZHJKB,Ms.,Alex,Brown,27,09,1988,UK,alex.brown@company.net
3SSG62E1,Mrs.,Jordan,Jones,24,08,1980,Brazil,jordan.jones@test.org
1F16IVXQ,Ms.,Jordan,Brown,14,02,1978,Australia,jordan.brown@example.com
H78QMA4U,Prof.,Jane,Brown,21,09,1993,UK,jane.brown@test.org
K40IVEW3,Prof.,Jordan,Brown,23,10,1951,Germany,jordan.brown@example.com
45V3G67X,Ms.,Jane,Williams,28,10,1973,India,jane.williams@mail.com
R2BKY3O2,Prof.,Morgan,Johnson,11,02,1964,Germany,morgan.johnson@test.org
YK9DMXEO,Ms.,Taylor,Miller,06,04,2000,Germany,taylor.miller@example.com
GZRS5FI8,Mrs.,John,Williams,28,10,1967,Japan,john.williams@mail.com
HCY2J8FW,Mrs.,Casey,Martinez,26,10,1977,Germany,casey.martinez@test.org
TI3ZETNB,Prof.,Taylor,Williams,24,08,1962,India,taylor.williams@example.com
E451167S,Mr.,Morgan,Miller,04,09,1981,Canada,morgan.miller@mail.com
A9CMESTR,Mrs.,John,Brown,03,03,1993,Japan,john.brown@example.com
RPFWJ3YY,Mrs.,Riley,Johnson,01,07,1997,Canada,riley.johnson@mail.com
FKK2F76L,Mrs.,Alex,Miller,28,11,1991,Australia,alex.miller@test.org
31ERYBYM,Mrs.,Jordan,Williams,21,02,1950,USA,jordan.williams@test.org
H94IM46C,Mrs.,Riley,Smith,17,06,2003,Canada,riley.smith@test.org
YI6T3532,Prof.,Jane,Martinez,17,04,1950,Australia,jane.martinez@company.net
ZF50KACT,Mr.,Sam,Johnson,19,09,2005,France,sam.johnson@company.net
OPRTT75U,Mrs.,Jane,Martinez,17,04,1980,Japan,jane.martinez@mail.com
UWDJDRDS,Prof.,Alex,Brown,02,04,1965,China,alex.brown@company.net
U9N36XTJ,Prof.,Chris,Rodriguez,18,04,1950,Brazil,chris.rodriguez@test.org
ILOHTS66,Prof.,Chris,Davis,06,06,1958,Germany,chris.davis@example.com
CUMNEHJN,Mrs.,Morgan,Martinez,28,06,1994,Japan,morgan.martinez@test.org
Q0S9Q3CP,Prof.,Chris,Miller,01,08,1955,India,chris.miller@company.net
DUMUEK4P,Dr.,Jane,Miller,23,01,1973,China,jane.miller@test.org
PFZ7XP64,Ms.,Jane,Davis,24,03,2004,Brazil,jane.davis@company.net
TZEDTFG7,Mrs.,Alex,Johnson,05,08,1979,France,alex.johnson@company.net
JDSEVFE1,Mr.,Riley,Garcia,24,03,1957,China,riley.garcia@mail.com
KZ6FMZMW,Prof.,John,Martinez,14,03,1959,Japan,john.martinez@example.com
SR8PDX4X,Mr.,Casey,Miller,10,04,1979,France,casey.miller@mail.com
A02CQOV8,Prof.,Jane,Smith,17,06,1950,Canada,jane.smith@mail.com
VH2MT0PK,Mr.,John,Garcia,05,04,1990,China,john.garcia@test.org
ERRH1G02,Mrs.,Chris,Jones,16,07,1955,Australia,chris.jones@test.org
D1EMWRKK,Dr.,Riley,Garcia,13,11,1963,USA,riley.garcia@company.net
UMXFC2PV,Ms.,Alex,Garcia,04,06,1998,France,alex.garcia@company.net
A2Y213JU,Dr.,Jordan,Williams,22,04,1956,India,jordan.williams@company.net
1F4USG51,Dr.,Jane,Brown,24,02,2005,Japan,jane.brown@example.com
YNLH3FBC,Dr.,Casey,Jones,04,04,1994,India,casey.jones@company.net
PF097HWA,Dr.,Alex,Brown,24,09,1974,France,alex.brown@example.com
7U5SONBJ,Ms.,Jordan,Rodriguez,13,03,1971,USA,jordan.rodriguez@company.net
KYIU4Q72,Mrs.,Alex,Miller,27,12,1953,France,alex.miller@example.com
CUF8JVBD,Mrs.,Jane,Smith,23,12,1974,Germany,jane.smith@test.org
Z4COREML,Ms.,Jordan,Rodriguez,22,10,2004,USA,jordan.rodriguez@example.com
7IEOCVJJ,Ms.,Taylor,Williams,07,03,1951,Germany,taylor.williams@mail.com
01PEY7Q7,Dr.,Riley,Brown,28,09,1997,Japan,riley.brown@example.com
Z7FG6B9E,Dr.,Riley,Brown,02,12,2005,Canada,riley.brown@example.com
OET98LDU,Dr.,Chris,Williams,16,12,1965,France,chris.williams@example.com
104EFK4Z,Mr.,Alex,Johnson,08,10,1987,Germany,alex.johnson@mail.com
491GN72Z,Dr.,Riley,Jones,17,08,1961,Brazil,riley.jones@test.org
SH71T2MA,Mr.,John,Rodriguez,07,10,1992,China,john.rodriguez@company.net
ZDN0PERU,Mr.,Morgan,Garcia,11,08,1955,France,morgan.garcia@mail.com
EF7LHVQY,Mr.,Taylor,Johnson,20,07,1984,USA,taylor.johnson@mail.com
SDVHICAG,Mr.,Jordan,Williams,04,05,1974,USA,jordan.williams@test.org
JSTJSYGD,Mrs.,Jordan,Martinez,22,01,1974,Canada,jordan.martinez@mail.com
ZWODZDOA,Mr.,Jane,Davis,24,01,1990,Japan,jane.davis@example.com
97K58TFS,Dr.,Jordan,Jones,04,03,1992,Canada,jordan.jones@example.com
BTAZ3YI6,Mr.,Casey,Jones,24,06,1988,India,casey.jones@mail.com
MTKJVJON,Mr.,John,Martinez,12,01,1952,France,john.martinez@example.com
BZ636KOQ,Ms.,Morgan,Davis,03,04,1997,China,morgan.davis@company.net
XNZKHTP7,Ms.,Taylor,Martinez,23,07,2004,Japan,taylor.martinez@mail.com
JJWCQ8VJ,Ms.,John,Davis,08,11,1951,Germany,john.davis@mail.com
YGAYM8LH,Dr.,Casey,Miller,24,12,1976,UK,casey.miller@company.net
DECZK2D3,Dr.,Jane,Smith,15,11,1989,Japan,jane.smith@company.net
X3T815UU,Dr.,Sam,Jones,13,03,1961,China,sam.jones@example.com
LPXYN6V9,Dr.,Alex,Martinez,01,12,2003,Germany,alex.martinez@example.com
WLYT7NM2,Prof.,John,Garcia,27,09,2003,Australia,john.garcia@example.com
3JK4U54X,Dr.,Riley,Brown,19,03,1972,France,riley.brown@example.com
OKCIZ3YH,Prof.,Jordan,Garcia,14,07,1985,Japan,jordan.garcia@mail.com
JMR3QLN8,Ms.,Sam,Johnson,18,11,2003,Germany,sam.johnson@mail.com
KKXE76Z1,Dr.,Sam,Martinez,10,04,2001,Japan,sam.martinez@test.org
5TD25LKN,Dr.,Taylor,Martinez,08,02,1963,UK,taylor.martinez@example.com
653S4L6V,Ms.,Riley,Garcia,10,12,2005,Japan,riley.garcia@test.org
FQLJC0LI,Dr.,Taylor,Davis,05,10,1966,Canada,taylor.davis@example.com
8BPEDBOB,Prof.,Taylor,Rodriguez,06,04,2001,Australia,taylor.rodriguez@test.org
NJREQFMJ,Dr.,Jordan,Martinez,20,12,1968,Australia,jordan.martinez@mail.com
FLWU7WF5,Mrs.,Taylor,Johnson,13,02,1994,Germany,taylor.johnson@test.org
KY8TLCYZ,Mrs.,John,Johnson,03,11,1953,India,john.johnson@test.org
L4CT5JRX,Ms.,Taylor,Johnson,18,08,1989,UK,taylor.johnson@mail.com
98V04UGD,Mrs.,Sam,Smith,01,02,1988,Canada,sam.smith@mail.com
5Z7EZVG1,Mrs.,Morgan,Garcia,11,06,1953,USA,morgan.garcia@example.com
62XXLCJH,Ms.,Chris,Brown,03,04,1979,Brazil,chris.brown@test.org
PR733HIG,Mrs.,John,Brown,27,07,1968,Japan,john.brown@company.net
88GRD5YL,Mrs.,Taylor,Williams,13,03,2001,Japan,taylor.williams@example.com
E5BYFH7Z,Ms.,Alex,Martinez,22,11,1951,UK,alex.martinez@test.org
XIJ16MQL,Mrs.,Sam,Jones,28,12,2005,Canada,sam.jones@example.com
KWT51CMX,Dr.,Casey,Johnson,20,05,1969,Germany,casey.johnson@example.com
V318ZM6B,Dr.,Riley,Brown,22,09,1961,Germany,riley.brown@test.org
LY134J86,Mr.,Morgan,Garcia,18,07,1991,Germany,morgan.garcia@example.com
QMPRXSAE,Dr.,John,Martinez,13,05,1994,Japan,john.martinez@test.org
XV799UWC,Prof.,Taylor,Smith,02,11,1981,China,taylor.smith@mail.com
F0TIURHJ,Mr.,Jordan,Smith,08,08,1973,China,jordan.smith@mail.com
QENJODZT,Prof.,Morgan,Jones,28,08,1960,Canada,morgan.jones@mail.com
3AF7NQSI,Prof.,Sam,Jones,28,06,1993,USA,sam.jones@example.com
H3PUESB1,Mr.,John,Williams,27,12,1994,Australia,john.williams@mail.com
9HND88S8,Mrs.,John,Smith,02,01,1956,Australia,john.smith@company.net
8GLIGRI3,Dr.,Chris,Davis,02,09,1951,Germany,chris.davis@mail.com
ZNEGOWJS,Dr.,Riley,Brown,01,02,1990,France,riley.brown@mail.com
L7AVJ6IT,Prof.,Alex,Johnson,13,12,1992,Japan,alex.johnson@example.com
Y01V1P9U,Ms.,Jane,Smith,21,11,1983,China,jane.smith@test.org
JUBUP5O9,Dr.,Riley,Williams,04,08,1966,Japan,riley.williams@company.net
M4IKXDIT,Ms.,Chris,Rodriguez,08,08,1974,Germany,chris.rodriguez@test.org
9U0E9C25,Mrs.,Jane,Williams,23,07,1994,France,jane.williams@test.org
M4HTJQSU,Mrs.,Riley,Johnson,26,10,1981,India,riley.johnson@company.net
8L2PQBNR,Ms.,Jane,Martinez,23,12,1997,Japan,jane.martinez@test.org
75QCIN8E,Mrs.,Chris,Brown,11,03,1989,India,chris.brown@company.net
ROXJZ2UY,Prof.,Chris,Brown,24,05,1961,Australia,chris.brown@example.com
CWFBO596,Mrs.,Sam,Garcia,14,06,1963,Australia,sam.garcia@example.com
DD5LZWFI,Dr.,Morgan,Smith,11,09,1986,India,morgan.smith@mail.com
BR727X2I,Ms.,Jane,Williams,20,09,2004,Japan,jane.williams@mail.com
L0IRXSYS,Ms.,Riley,Brown,26,01,1992,Brazil,riley.brown@example.com
57767NVA,Mr.,Casey,Davis,27,07,1960,China,casey.davis@example.com
W23W4E19,Prof.,Taylor,Miller,26,09,1962,Japan,taylor.miller@example.com
VQWCVRRC,Prof.,Alex,Rodriguez,11,08,1964,USA,alex.rodriguez@company.net
YJBAO0B4,Ms.,John,Miller,22,07,2003,Canada,john.miller@mail.com
ZL221ZJA,Mrs.,Jane,Rodriguez,16,03,2002,UK,jane.rodriguez@test.org
T5K8FS3M,Mr.,Alex,Garcia,27,12,1978,UK,alex.garcia@company.net
Z2IO4QD2,Dr.,Riley,Williams,07,05,1968,Brazil,riley.williams@example.com
46ISMI0C,Prof.,Alex,Johnson,15,01,1960,India,alex.johnson@mail.com
1I8L1U8J,Dr.,Taylor,Miller,04,02,1968,Brazil,taylor.miller@test.org
YWJ0RMIU,Mr.,Jane,Garcia,26,11,1967,USA,jane.garcia@mail.com
A9488JWR,Dr.,Alex,Davis,18,05,2003,USA,alex.davis@mail.com
M6KVMH4P,Mr.,Alex,Williams,11,08,1981,Canada,alex.williams@company.net
C37A927G,Dr.,John,Garcia,28,06,1986,France,john.garcia@test.org
8KZN2W06,Ms.,Sam,Rodriguez,08,09,1970,Australia,sam.rodriguez@example.com
28S0ZBFN,Dr.,Morgan,Garcia,05,02,1967,China,morgan.garcia@mail.com
BSXPUO25,Mrs.,Riley,Johnson,10,03,1992,UK,riley.johnson@example.com
DY7HWSPU,Dr.,Casey,Smith,14,04,1974,China,casey.smith@company.net
N54DH52X,Mrs.,Morgan,Jones,23,10,1963,USA,morgan.jones@example.com
JE57Y56Q,Mrs.,Riley,Williams,26,09,1981,Germany,riley.williams@company.net
OHABNB5H,Mr.,Jane,Miller,17,11,1983,Brazil,jane.miller@mail.com
DNPS8H89,Dr.,Taylor,Smith,16,01,1955,USA,taylor.smith@example.com
ZW71OYFF,Dr.,John,Garcia,03,03,1992,UK,john.garcia@example.com
RK5W6C8Q,Mrs.,Alex,Davis,22,10,1973,India,alex.davis@test.org
9WOK1GWL,Mrs.,Jane,Martinez,26,03,1954,Canada,jane.martinez@test.org
4RRQZDF3,Prof.,Jordan,Davis,23,05,1980,China,jordan.davis@company.net
1T62NE6J,Mr.,Sam,Davis,23,07,1994,China,sam.davis@company.net
CMCUMT14,Mr.,Morgan,Johnson,08,05,1990,Australia,morgan.johnson@company.net
X1POXT35,Prof.,Alex,Miller,02,08,1976,India,alex.miller@example.com
S4K854XW,Ms.,Riley,Rodriguez,03,05,1977,France,riley.rodriguez@company.net
S8ARZI47,Ms.,Riley,Garcia,13,01,1970,Australia,riley.garcia@company.net
UIO28MSB,Ms.,Sam,Williams,07,01,1961,Australia,sam.williams@example.com
HNPGZDS6,Mr.,Taylor,Garcia,05,06,1959,India,taylor.garcia@mail.com
GOUA3BWR,Mrs.,Taylor,Davis,01,01,2000,Germany,taylor.davis@test.org
D0LCN0CU,Ms.,Riley,Martinez,26,08,1997,Germany,riley.martinez@company.net
RXS5Y9LG,Prof.,Morgan,Jones,21,09,1984,Germany,morgan.jones@company.net
TIW7AOZT,Mr.,Morgan,Garcia,26,07,1982,Germany,morgan.garcia@company.net
YNE3ZO95,Mrs.,Taylor,Jones,28,03,1975,Australia,taylor.jones@test.org
6WQRE5VM,Prof.,Morgan,Williams,03,08,2005,France,morgan.williams@example.com
QU0WV2JA,Dr.,Jordan,Smith,02,10,1971,Brazil,jordan.smith@test.org
4KMU2VIG,Ms.,Chris,Martinez,11,01,1967,UK,chris.martinez@example.com
NV0VUUPX,Mrs.,Taylor,Miller,18,01,1979,Japan,taylor.miller@test.org
6SLJN3WD,Dr.,Chris,Rodriguez,13,01,2000,USA,chris.rodriguez@test.org
6YTVJLP5,Ms.,Morgan,Brown,22,02,1990,Brazil,morgan.brown@example.com
AMS8NX8U,Mrs.,John,Martinez,13,04,1972,UK,john.martinez@test.org
3DNYE70T,Mrs.,Taylor,Garcia,01,11,1955,France,taylor.garcia@test.org
TW19EX9P,Ms.,Morgan,Jones,08,02,1974,Japan,morgan.jones@company.net
IIRSQHD3,Prof.,Jordan,Brown,15,01,1983,Canada,jordan.brown@company.net
VEWOE6BR,Mr.,Casey,Rodriguez,27,11,1980,India,casey.rodriguez@mail.com
5JPLZRO2,Mr.,Jordan,Smith,18,11,1957,Brazil,jordan.smith@example.com
M2F1KSE0,Ms.,John,Martinez,16,03,2000,France,john.martinez@company.net
PYGV2PEN,Dr.,Sam,Jones,18,10,1981,Brazil,sam.jones@test.org
OWBPTHMV,Mr.,Alex,Brown,12,02,1958,France,alex.brown@example.com
A90ARPKA,Mr.,Jordan,Martinez,10,10,1969,Japan,jordan.martinez@test.org
IUPX51AK,Prof.,John,Johnson,28,12,1964,USA,john.johnson@mail.com
OUQSKBUD,Mrs.,Sam,Jones,10,06,1982,UK,sam.jones@mail.com
BFXJ0AE0,Mrs.,Riley,Davis,17,02,1984,Germany,riley.davis@company.net
5T6U8VEG,Prof.,Alex,Smith,20,06,1999,Canada,alex.smith@test.org
NWKOO055,Mrs.,Morgan,Smith,08,08,1950,Germany,morgan.smith@company.net
QQR9O79A,Dr.,Riley,Johnson,08,04,1991,Australia,riley.johnson@mail.com
032RLSHA,Ms.,Chris,Smith,15,09,1983,Australia,chris.smith@company.net
GEDYFH7N,Prof.,Jane,Johnson,24,04,1985,China,jane.johnson@company.net
X2B5JIZK,Ms.,Casey,Smith,03,03,1991,Germany,casey.smith@mail.com
YK9FD78O,Mrs.,Alex,Miller,08,08,1979,USA,alex.miller@test.org
0QNLE608,Mrs.,Morgan,Martinez,21,03,1998,Australia,morgan.martinez@mail.com
ELW4UCTJ,Ms.,John,Brown,21,09,1955,Australia,john.brown@example.com
TV4T9CID,Prof.,Taylor,Smith,21,08,2005,Germany,taylor.smith@example.com
U83YXBC5,Prof.,Sam,Smith,14,07,1980,Canada,sam.smith@test.org
GAWY4VSP,Ms.,John,Williams,20,06,1983,Australia,john.williams@test.org
HWLZ63VO,Prof.,Sam,Johnson,16,01,1956,India,sam.johnson@company.net
JEAS7Y7G,Prof.,Chris,Miller,26,11,1971,India,chris.miller@mail.com
XNN5N4R9,Dr.,Casey,Williams,07,08,1959,USA,casey.williams@test.org
FSR97IAC,Dr.,Taylor,Johnson,19,07,1976,USA,taylor.johnson@example.com
LQEUNXO1,Ms.,Morgan,Williams,23,09,1998,UK,morgan.williams@company.net
LUWB7RZ4,Dr.,Jordan,Davis,06,03,1954,USA,jordan.davis@mail.com
4GDNL6VQ,Mr.,Jordan,Miller,14,04,2000,Australia,jordan.miller@mail.com
XRWCOQGZ,Prof.,Chris,Garcia,19,10,2003,France,chris.garcia@mail.com
0YXG4L34,Ms.,Chris,Davis,04,03,1964,Brazil,chris.davis@test.org
OV3S8ZA0,Ms.,Sam,Smith,24,09,1997,Germany,sam.smith@mail.com
91E3EHUA,Dr.,Taylor,Miller,04,06,1983,Australia,taylor.miller@test.org
DDSGVH6H,Prof.,Chris,Smith,03,06,1957,France,chris.smith@mail.com
GWC9L72I,Ms.,Sam,Rodriguez,07,11,1996,Japan,sam.rodriguez@mail.com
OMQOBI8S,Mrs.,Chris,Johnson,23,05,1959,India,chris.johnson@mail.com
RZVIDAJC,Prof.,Casey,Garcia,13,04,2000,UK,casey.garcia@company.net
MGXDXRQJ,Prof.,Sam,Miller,08,11,1978,Brazil,sam.miller@test.org
N4HII6DU,Dr.,Morgan,Miller,21,07,1964,Canada,morgan.miller@test.org
OWTVJZ99,Dr.,Morgan,Smith,06,01,1976,UK,morgan.smith@test.org
AGCKT8JT,Dr.,John,Johnson,22,06,1953,Germany,john.johnson@company.net
KIVAM6U1,Mr.,Casey,Davis,09,07,1960,India,casey.davis@example.com
DFYL1H25,Dr.,Alex,Brown,25,10,1959,Japan,alex.brown@test.org
H8YJMBXS,Mrs.,Chris,Miller,10,04,1953,USA,chris.miller@mail.com
5GETZGD3,Ms.,Casey,Jones,28,07,1956,UK,casey.jones@mail.com
OTQX1FSB,Dr.,Casey,Johnson,01,12,1965,Germany,casey.johnson@company.net
D1VH5WKD,Mrs.,Casey,Rodriguez,28,06,1999,India,casey.rodriguez@company.net
UQWYTDQT,Mrs.,Jordan,Miller,11,10,1967,Canada,jordan.miller@company.net
L2ZL5G1P,Ms.,John,Martinez,05,04,1968,China,john.martinez@mail.com
3BOC0KKG,Prof.,Alex,Johnson,03,02,1961,India,alex.johnson@example.com
SL39DJAF,Ms.,Chris,Johnson,12,02,1952,Canada,chris.johnson@mail.com
VX9SSDZK,Mrs.,Jordan,Garcia,24,09,2005,Australia,jordan.garcia@test.org
Q1E0NA2K,Dr.,Taylor,Martinez,18,10,1951,China,taylor.martinez@test.org
RBNT0L71,Mr.,John,Miller,01,12,1980,Brazil,john.miller@example.com
7D1OSWEE,Dr.,Sam,Smith,27,12,1972,India,sam.smith@company.net
37DQYMKK,Dr.,John,Brown,10,08,1965,Brazil,john.brown@mail.com
N4GBNVR6,Mr.,Taylor,Miller,03,01,1972,Canada,taylor.miller@company.net
6VOAVULH,Prof.,Alex,Smith,06,12,1951,UK,alex.smith@mail.com
7F25Z95S,Ms.,John,Johnson,19,12,1951,India,john.johnson@company.net
RNIW6G7F,Mr.,Morgan,Davis,03,10,1995,Australia,morgan.davis@company.net
JLCXVB34,Mr.,Chris,Smith,07,04,1979,Japan,chris.smith@company.net
OYIFP2I7,Ms.,Morgan,Jones,22,04,1951,Canada,morgan.jones@example.com
FJV7TD24,Dr.,Casey,Smith,13,12,1985,India,casey.smith@mail.com
QUZ7MZ7D,Ms.,Chris,Rodriguez,23,03,1976,China,chris.rodriguez@test.org
63VZAOUP,Mr.,Chris,Jones,24,04,1951,Germany,chris.jones@mail.com
EZ2FSQ4D,Dr.,Riley,Garcia,02,03,1954,Australia,riley.garcia@test.org
N1SC2UXQ,Mrs.,John,Miller,12,02,2004,India,john.miller@test.org
9PTCIH6I,Mrs.,Jordan,Johnson,17,10,2004,Australia,jordan.johnson@test.org
3E7EJEXR,Dr.,Riley,Johnson,02,03,1986,Brazil,riley.johnson@example.com
7ADE0WMY,Dr.,John,Smith,22,02,1956,France,john.smith@company.net
M1VMAHBG,Ms.,Alex,Smith,22,03,1987,Germany,alex.smith@company.net
NF6C1QWZ,Ms.,Alex,Martinez,01,01,1960,Canada,alex.martinez@example.com
TK1NL3YO,Ms.,Jordan,Garcia,26,02,1991,USA,jordan.garcia@mail.com
2H15C8X3,Mrs.,Riley,Brown,04,06,1960,USA,riley.brown@company.net
UCFQ34TU,Mr.,Riley,Martinez,03,12,2005,Brazil,riley.martinez@test.org
87HMI6T9,Mrs.,Jane,Rodriguez,04,11,1980,Japan,jane.rodriguez@company.net
65NADCCV,Dr.,Sam,Williams,25,10,1955,Brazil,sam.williams@test.org
WWSNKG3L,Mrs.,Morgan,Garcia,02,12,1959,UK,morgan.garcia@mail.com
Q13KX50C,Mr.,Morgan,Brown,19,04,1950,UK,morgan.brown@company.net
Y7EHOIJC,Mr.,Chris,Johnson,14,04,1989,Japan,chris.johnson@mail.com
BN07PDNU,Mrs.,Alex,Smith,03,04,1961,UK,alex.smith@company.net
WGSM1KSB,Prof.,John,Miller,16,06,1966,Germany,john.miller@test.org
9JKNSCMD,Ms.,Riley,Martinez,26,04,1976,India,riley.martinez@example.com
CGR7L0QC,Dr.,Taylor,Rodriguez,26,01,1977,India,taylor.rodriguez@example.com
BSIIMCHF,Ms.,John,Rodriguez,01,08,1994,Australia,john.rodriguez@company.net
J8N6LPKJ,Ms.,Taylor,Smith,02,11,1967,USA,taylor.smith@example.com
0DK4PZWB,Mrs.,Jordan,Johnson,05,02,1970,France,jordan.johnson@example.com
QBKMVY3S,Dr.,Taylor,Williams,01,04,1962,USA,taylor.williams@mail.com
11KBP83R,Prof.,Sam,Jones,02,07,1965,China,sam.jones@mail.com
2GH59AYA,Mr.,Taylor,Rodriguez,11,10,2002,Japan,taylor.rodriguez@test.org
6VKOLVHG,Dr.,Chris,Rodriguez,18,03,1962,France,chris.rodriguez@mail.com
K2QRWXRW,Dr.,Chris,Jones,28,07,1995,Canada,chris.jones@mail.com
RIA7PIEU,Dr.,Chris,Miller,01,05,1984,USA,chris.miller@example.com
R3JSQEF0,Mr.,Sam,Johnson,10,03,1982,China,sam.johnson@example.com
74Y8W65X,Ms.,Chris,Davis,22,04,1979,Japan,chris.davis@mail.com
47PVN9AJ,Mr.,Jordan,Garcia,27,12,1959,UK,jordan.garcia@test.org
7L2KPVT0,Prof.,Casey,Martinez,05,12,1983,UK,casey.martinez@example.com
PARHQ2PP,Mrs.,Casey,Garcia,06,06,2000,UK,casey.garcia@company.net
R9NVU169,Ms.,Jordan,Jones,23,06,1976,Germany,jordan.jones@company.net
MY0BVIQ9,Mr.,John,Davis,22,12,1965,Germany,john.davis@example.com
2HBRFI3D,Prof.,Riley,Johnson,23,06,1993,UK,riley.johnson@test.org
FIME71OA,Ms.,Jane,Davis,22,02,2004,USA,jane.davis@example.com
BFEXNBHE,Mrs.,Sam,Williams,15,11,1991,France,sam.williams@mail.com
91W8M77P,Prof.,Morgan,Brown,24,02,2004,Australia,morgan.brown@company.net
ERUIQS1M,Mrs.,Chris,Miller,22,11,1952,France,chris.miller@mail.com
3K3T3HQB,Dr.,Jane,Brown,19,02,1963,Australia,jane.brown@test.org
1RLS0RSV,Ms.,Morgan,Rodriguez,13,10,1961,Canada,morgan.rodriguez@test.org
PWMTFGWK,Mr.,Alex,Garcia,17,11,1956,Brazil,alex.garcia@mail.com
VZIAH77U,Ms.,Jane,Johnson,11,04,1982,Japan,jane.johnson@test.org
N9PMLWLK,Prof.,John,Jones,28,03,1994,Australia,john.jones@example.com
BHG58HWH,Mr.,John,Garcia,15,01,1959,China,john.garcia@test.org
1CS310WW,Mrs.,Sam,Smith,17,05,1982,France,sam.smith@company.net
63BJQTHJ,Ms.,Morgan,Davis,22,06,1964,Australia,morgan.davis@example.com
YG16PHHD,Ms.,Sam,Rodriguez,24,06,1986,USA,sam.rodriguez@example.com
SKRQXY3S,Prof.,Sam,Johnson,28,02,1952,Brazil,sam.johnson@company.net
PI1AGODE,Dr.,Chris,Garcia,26,11,1982,Canada,chris.garcia@test.org
VVHQRQLS,Mrs.,Alex,Brown,07,10,1975,Japan,alex.brown@example.com
X5TXISFK,Mr.,Casey,Davis,28,06,1990,Germany,casey.davis@company.net
QNE4IIAJ,Prof.,Chris,Garcia,04,04,1956,Japan,chris.garcia@example.com
TC2WYM52,Prof.,Sam,Garcia,17,04,1973,India,sam.garcia@mail.com
XG9FIUU5,Mr.,Alex,Davis,15,04,1967,Canada,alex.davis@example.com
1DYKI1UX,Dr.,Sam,Brown,06,03,1955,India,sam.brown@example.com
MBTNZG6F,Dr.,Sam,Rodriguez,20,06,1988,Australia,sam.rodriguez@example.com
FBH2MQ8I,Mr.,Casey,Williams,13,02,1972,China,casey.williams@company.net
WP9OH826,Mrs.,Jane,Smith,26,05,1969,India,jane.smith@example.com
0GLJSJNX,Dr.,Morgan,Rodriguez,02,05,2005,UK,morgan.rodriguez@example.com
4DLTGD94,Prof.,Morgan,Garcia,28,07,1973,Japan,morgan.garcia@mail.com
GTPMBVBV,Ms.,Taylor,Garcia,27,12,1954,France,taylor.garcia@company.net
00Q3NGD6,Prof.,Morgan,Brown,06,08,1979,USA,morgan.brown@example.com
Q2TODK7N,Prof.,Chris,Martinez,13,08,2004,France,chris.martinez@company.net
751IG6Z6,Ms.,Riley,Johnson,07,04,1974,Brazil,riley.johnson@example.com
7AWBCEZY,Dr.,Casey,Rodriguez,20,07,1983,France,casey.rodriguez@test.org
Q2K8L0B5,Dr.,Jordan,Johnson,20,07,1970,Brazil,jordan.johnson@mail.com
KHBXNG1S,Prof.,Riley,Williams,12,10,1977,Canada,riley.williams@test.org
O9H0YTZG,Ms.,Chris,Davis,25,11,1957,China,chris.davis@mail.com
EIIYPZV0,Mr.,Chris,Davis,13,06,1959,China,chris.davis@company.net
N14YK6LY,Mr.,Casey,Garcia,21,12,1963,Japan,casey.garcia@test.org
M2WWLQNE,Prof.,Alex,Smith,28,10,1978,India,alex.smith@example.com
16KVILPT,Dr.,John,Garcia,18,04,1957,USA,john.garcia@mail.com
F6IL29BB,Dr.,Alex,Johnson,12,08,2004,UK,alex.johnson@company.net
A3V2ZHGZ,Mr.,Chris,Rodriguez,15,03,2005,France,chris.rodriguez@example.com
SA4RTSTU,Ms.,Sam,Jones,21,05,1952,India,sam.jones@company.net
SPM2QQBY,Mr.,John,Rodriguez,04,05,1988,Canada,john.rodriguez@company.net
7HQGX6RS,Prof.,Sam,Davis,16,06,1953,Germany,sam.davis@test.org
FL1MZXC5,Mrs.,Sam,Johnson,17,06,1978,Germany,sam.johnson@example.com
BY9JC7EH,Prof.,Alex,Jones,18,03,1952,France,alex.jones@company.net
JBIP8SGK,Ms.,Jordan,Johnson,26,04,1958,Canada,jordan.johnson@test.org
DNQ00XXW,Prof.,Morgan,Davis,18,09,2002,Australia,morgan.davis@mail.com
PUROIY1Z,Dr.,Riley,Jones,26,11,1987,France,riley.jones@test.org
XHJ007RO,Mr.,Sam,Davis,25,08,1952,China,sam.davis@test.org
V9MU9GPN,Ms.,Alex,Miller,02,06,1996,Germany,alex.miller@company.net
OPBPPOG5,Prof.,John,Miller,20,08,1967,Australia,john.miller@company.net
EXQGU0YA,Mrs.,Jordan,Miller,25,06,1992,Brazil,jordan.miller@test.org
U2HGP1ZR,Prof.,Alex,Miller,04,04,2000,Japan,alex.miller@example.com
RK389EOG,Mr.,John,Davis,18,06,1969,Japan,john.davis@test.org
W6XZXKPN,Mrs.,Casey,Williams,22,09,1998,Canada,casey.williams@mail.com
Z8XFT3PM,Mrs.,Riley,Miller,03,10,1962,USA,riley.miller@company.net
ENS3TH48,Ms.,John,Smith,12,12,1964,China,john.smith@mail.com
51J5DGUA,Prof.,Chris,Jones,13,07,2004,Canada,chris.jones@example.com
18DWMBFC,Dr.,Casey,Miller,17,06,1968,Australia,casey.miller@company.net
2RADY9OQ,Dr.,Taylor,Garcia,11,09,1950,Australia,taylor.garcia@example.com
1C2LW372,Prof.,Alex,Williams,16,10,1954,Germany,alex.williams@mail.com
TX9HWJ2S,Mrs.,Jordan,Davis,10,01,1988,India,jordan.davis@example.com
HLL9DGLE,Prof.,Morgan,Smith,23,12,1968,Germany,morgan.smith@company.net
RSYOXNF2,Mrs.,Casey,Brown,14,10,1978,UK,casey.brown@example.com
FS2ZSWM9,Ms.,Jane,Smith,21,04,1992,Canada,jane.smith@company.net
6INR5ZC7,Mr.,Chris,Williams,19,07,1958,Germany,chris.williams@example.com
WSW5AK7T,Mrs.,Taylor,Miller,27,10,1965,USA,taylor.miller@example.com
1115P3AM,Dr.,Riley,Johnson,14,01,1968,China,riley.johnson@company.net
D6IUMJID,Prof.,Alex,Rodriguez,25,09,1971,France,alex.rodriguez@mail.com
W4D6XQEM,Prof.,Alex,Garcia,19,04,2001,Canada,alex.garcia@test.org
J3BCILT9,Dr.,Alex,Rodriguez,11,10,1965,Canada,alex.rodriguez@mail.com
WBJRUJZA,Mr.,John,Jones,11,01,2001,China,john.jones@example.com
BHRT6D4L,Dr.,John,Davis,16,02,1992,Japan,john.davis@mail.com
4PR2CXLT,Mrs.,Morgan,Davis,15,10,1982,China,morgan.davis@test.org
TIW4FV91,Ms.,Riley,Jones,10,08,1959,Japan,riley.jones@example.com
FL5M391Q,Dr.,Sam,Miller,28,08,1979,Japan,sam.miller@example.com
TV24MOT9,Mr.,Taylor,Martinez,20,03,1995,China,taylor.martinez@test.org
UF1JJKT1,Mrs.,John,Martinez,10,12,2005,Japan,john.martinez@example.com
3PESADSL,Dr.,Riley,Miller,19,02,2003,Brazil,riley.miller@mail.com
PD7BEHQA,Mrs.,Alex,Johnson,16,09,1973,Japan,alex.johnson@example.com
PDVCB7B4,Dr.,Morgan,Jones,26,01,1964,Brazil,morgan.jones@example.com
5SL7IZ0I,Prof.,Taylor,Jones,20,05,1955,France,taylor.jones@test.org
EXZ93EXA,Mr.,Casey,Williams,06,01,1968,China,casey.williams@mail.com
8J7JQHLL,Ms.,John,Smith,11,09,1999,France,john.smith@example.com
D3CUWLNJ,Mr.,Sam,Davis,15,04,1996,Germany,sam.davis@example.com
WR9ROR8C,Dr.,Jane,Johnson,20,08,2003,Australia,jane.johnson@example.com
T2U47WPD,Mr.,Jane,Johnson,12,11,1961,France,jane.johnson@company.net
7K3H679E,Dr.,Casey,Garcia,18,07,1977,France,casey.garcia@test.org
NVPUTDAS,Prof.,Alex,Garcia,25,02,2002,Canada,alex.garcia@example.com
BBRJX4ZP,Dr.,Casey,Smith,07,02,1950,Japan,casey.smith@example.com
2KALNUVP,Dr.,Riley,Davis,27,10,1998,Germany,riley.davis@test.org
AVEI9FZ2,Ms.,Taylor,Jones,07,11,1990,Australia,taylor.jones@example.com
0GSX9H8X,Prof.,Jane,Smith,15,12,1994,Germany,jane.smith@company.net
TNUJTWZ2,Ms.,Sam,Brown,07,03,1995,India,sam.brown@company.net
6KMAFLTE,Mr.,Alex,Garcia,25,09,1996,Canada,alex.garcia@example.com
5PC4RR0X,Mr.,Chris,Martinez,16,01,1973,France,chris.martinez@test.org
0AWGKY98,Prof.,Chris,Smith,26,01,2004,UK,chris.smith@company.net
9CF6RTZ5,Mrs.,Casey,Jones,13,06,1955,Australia,casey.jones@example.com
8KRI4W9D,Ms.,Taylor,Smith,25,07,1990,Germany,taylor.smith@mail.com
097XSGZW,Dr.,John,Garcia,28,05,1950,Canada,john.garcia@example.com
ISOD44TL,Dr.,Jordan,Brown,28,02,1969,India,jordan.brown@company.net
HFRA7E7Q,Dr.,Jordan,Miller,18,09,1955,France,jordan.miller@mail.com
UV3FAVHX,Ms.,Casey,Jones,27,12,1999,UK,casey.jones@test.org
BTNI4EYM,Mrs.,Jane,Martinez,03,11,2004,USA,jane.martinez@test.org
J33VGINX,Mr.,Morgan,Martinez,19,12,1974,Australia,morgan.martinez@example.com
CF18803B,Prof.,Sam,Martinez,23,12,1992,Germany,sam.martinez@company.net
OWQW6YFC,Mrs.,Jane,Williams,20,01,1989,Japan,jane.williams@test.org
HHCIJT34,Mrs.,Chris,Williams,04,07,2003,Germany,chris.williams@example.com
C9CACBWK,Dr.,Riley,Rodriguez,06,05,1961,Germany,riley.rodriguez@company.net
XH9QFF51,Mrs.,Jordan,Davis,23,07,1973,Brazil,jordan.davis@example.com
KVLQR3UN,Mrs.,Riley,Davis,17,01,1953,Brazil,riley.davis@company.net
0A0WWCAW,Ms.,Alex,Brown,28,11,2002,USA,alex.brown@test.org
XRCVGBD4,Mr.,Alex,Davis,05,06,1994,India,alex.davis@test.org
S15SPIOK,Ms.,Sam,Garcia,05,08,1963,France,sam.garcia@test.org
198R04MK,Mrs.,Jane,Johnson,05,12,1973,Japan,jane.johnson@mail.com
VU26NWVE,Ms.,Morgan,Johnson,24,06,1952,India,morgan.johnson@test.org
9A6S5LCA,Prof.,Alex,Rodriguez,12,05,1955,USA,alex.rodriguez@mail.com
9B7OZFKY,Prof.,Jordan,Martinez,09,10,1979,Japan,jordan.martinez@mail.com
38XOMY1S,Mrs.,Riley,Rodriguez,11,09,1998,UK,riley.rodriguez@mail.com
97PK5BML,Prof.,Riley,Smith,24,01,1954,Canada,riley.smith@company.net
BB3ABIYV,Prof.,Chris,Jones,12,03,2005,Canada,chris.jones@company.net
Y0YNU592,Prof.,Casey,Garcia,13,07,2004,India,casey.garcia@company.net
QGHJ8WKS,Ms.,Morgan,Davis,13,05,1954,Japan,morgan.davis@mail.com
JP0SCXPV,Dr.,Alex,Smith,08,05,1999,Canada,alex.smith@example.com
MDZ46FTA,Prof.,Chris,Rodriguez,17,06,1958,Australia,chris.rodriguez@example.com
HH83LISB,Mrs.,Jane,Garcia,04,09,1975,Canada,jane.garcia@example.com
A8DT6KLO,Ms.,Chris,Rodriguez,10,04,1974,Brazil,chris.rodriguez@company.net
PDLVXSH3,Dr.,John,Smith,03,07,1955,France,john.smith@mail.com
KF8RG9JT,Prof.,Alex,Martinez,13,03,1957,Brazil,alex.martinez@test.org
8WCUAYUX,Mr.,Sam,Smith,12,09,1963,China,sam.smith@test.org
AC8OWRO3,Mr.,Casey,Garcia,07,10,1952,Germany,casey.garcia@mail.com
256NP7CV,Mrs.,John,Miller,19,10,1952,USA,john.miller@example.com
RVXWYHX3,Mr.,Casey,Davis,15,02,1983,Canada,casey.davis@example.com
D6ZPNV9M,Prof.,Casey,Rodriguez,11,03,1987,USA,casey.rodriguez@example.com
GARQXWFS,Ms.,Jane,Miller,17,12,1976,China,jane.miller@mail.com
DE1Q9QQC,Mr.,Jordan,Williams,21,05,1952,Brazil,jordan.williams@test.org
XSP6GCM1,Dr.,Riley,Garcia,07,10,1964,China,riley.garcia@company.net
YAHKIZ0W,Mrs.,Casey,Williams,05,10,1987,France,casey.williams@example.com
ISR19ROG,Prof.,Casey,Miller,03,11,1965,China,casey.miller@test.org
8SHJ9DS1,Mr.,Jane,Jones,08,03,1999,France,jane.jones@test.org
230W7IHO,Dr.,Taylor,Williams,23,03,1970,UK,taylor.williams@test.org
EB4GNQXI,Prof.,Taylor,Johnson,11,02,1992,Australia,taylor.johnson@example.com
2CJ4YVKS,Dr.,Morgan,Miller,04,07,1978,Australia,morgan.miller@mail.com
NX7XY36Q,Prof.,John,Rodriguez,24,03,1961,Japan,john.rodriguez@test.org
AXHH5DB0,Mrs.,Casey,Williams,24,01,2001,China,casey.williams@test.org
7147IMDN,Mrs.,Chris,Davis,27,05,1977,UK,chris.davis@mail.com
5NT3329D,Mr.,Morgan,Williams,17,03,1973,UK,morgan.williams@company.net
Q2X6GSZ8,Mr.,Alex,Williams,07,11,1986,China,alex.williams@example.com
GVBPTP7B,Ms.,Taylor,Davis,03,11,1977,Australia,taylor.davis@mail.com
XR2FK01M,Mrs.,Jordan,Johnson,21,06,1995,Germany,jordan.johnson@test.org
XF45IJ72,Mrs.,John,Martinez,05,06,1957,China,john.martinez@mail.com
4PJW1LSE,Ms.,Alex,Miller,15,07,1993,USA,alex.miller@mail.com
C1A7SF07,Ms.,Taylor,Brown,18,11,1973,Germany,taylor.brown@example.com
LM8BUJO8,Dr.,Jordan,Johnson,25,07,1996,USA,jordan.johnson@example.com
WGBMQ6Z8,Prof.,Sam,Garcia,01,04,1954,France,sam.garcia@company.net
0OQIX74G,Mrs.,Chris,Martinez,01,07,1991,Brazil,chris.martinez@company.net
JTQ220IC,Dr.,Jane,Brown,14,07,1973,Canada,jane.brown@mail.com
WW311UT0,Mr.,Chris,Davis,22,12,1968,Canada,chris.davis@company.net
L9VHGBIB,Mrs.,Jordan,Rodriguez,14,09,1965,Australia,jordan.rodriguez@test.org
1VADYV2K,Dr.,Casey,Miller,18,02,1964,Australia,casey.miller@example.com
T4TJSYRV,Prof.,Alex,Martinez,21,11,1970,Japan,alex.martinez@test.org
UDJP156V,Prof.,Morgan,Martinez,22,08,1985,France,morgan.martinez@company.net
3D9PS5SX,Prof.,Chris,Rodriguez,25,02,2001,Germany,chris.rodriguez@mail.com
RNO1KBL2,Dr.,Alex,Jones,22,05,1974,Brazil,alex.jones@company.net
2LA1MH9T,Prof.,Jane,Smith,11,09,2000,Germany,jane.smith@example.com
NM6MXVG6,Dr.,Taylor,Martinez,15,04,1962,Australia,taylor.martinez@company.net
HK482M4C,Dr.,Casey,Jones,02,05,1984,USA,casey.jones@company.net
SJ2BFHOX,Prof.,Casey,Rodriguez,24,04,1971,Brazil,casey.rodriguez@test.org
TNUGOP48,Prof.,Jane,Smith,17,06,2003,Canada,jane.smith@example.com
PJ8PRPKE,Prof.,Jordan,Jones,01,08,1998,Germany,jordan.jones@company.net
6KK4N2L5,Mr.,Alex,Miller,10,06,1970,Canada,alex.miller@mail.com
ZHGF25RQ,Mr.,Casey,Brown,15,12,1950,China,casey.brown@test.org
IVLPRX4T,Prof.,Jordan,Davis,06,12,1982,USA,jordan.davis@company.net
2MATY7L9,Ms.,Casey,Rodriguez,12,02,2001,Brazil,casey.rodriguez@mail.com
6B8W6LE3,Ms.,John,Miller,06,12,1984,Japan,john.miller@test.org
YDTH6AJW,Mr.,Casey,Martinez,17,12,1966,Australia,casey.martinez@example.com
WK0AB5ML,Dr.,Morgan,Garcia,10,03,1953,Germany,morgan.garcia@mail.com
NZNF277X,Mr.,Morgan,Johnson,18,11,2004,Brazil,morgan.johnson@mail.com
ZBI2CT4C,Mr.,Morgan,Brown,07,11,1990,Canada,morgan.brown@example.com
YB73ELRR,Mr.,Sam,Jones,13,10,1982,Brazil,sam.jones@mail.com
FUO9OQDZ,Dr.,Sam,Rodriguez,09,04,2000,Australia,sam.rodriguez@mail.com
JOJJBFU6,Mrs.,Alex,Miller,22,05,1982,China,alex.miller@example.com
M9ZV3019,Ms.,Jane,Rodriguez,23,03,1962,Brazil,jane.rodriguez@test.org
LLEEMVHS,Ms.,Jane,Jones,21,01,1953,Japan,jane.jones@company.net
VLDK4WM5,Prof.,Chris,Davis,12,02,2000,USA,chris.davis@example.com
EC04KHZW,Dr.,Casey,Garcia,24,02,1956,Canada,casey.garcia@company.net
E62SARS9,Mrs.,Chris,Davis,26,04,1952,France,chris.davis@example.com
8TADEYY8,Prof.,Morgan,Miller,26,02,1988,France,morgan.miller@test.org
RG86XZEF,Ms.,Chris,Miller,18,11,1984,Japan,chris.miller@company.net
RFHBZU1S,Mr.,Riley,Johnson,03,09,1978,India,riley.johnson@company.net
BFXONB59,Mrs.,Jane,Johnson,14,11,1959,Brazil,jane.johnson@company.net
E7TLMPD1,Mr.,John,Miller,23,07,1961,India,john.miller@test.org
C2850I6O,Mrs.,Chris,Johnson,23,12,2000,Japan,chris.johnson@test.org
Y2W66VK9,Mr.,Riley,Jones,23,01,2000,Canada,riley.jones@company.net
Z0D3BH12,Ms.,Riley,Jones,06,08,1976,Canada,riley.jones@company.net
108AHQ1S,Prof.,Alex,Davis,25,11,1952,Canada,alex.davis@example.com
2HEL6QQE,Ms.,Jordan,Williams,09,04,1954,China,jordan.williams@mail.com
42NYBFBU,Mrs.,Casey,Martinez,23,09,1992,Japan,casey.martinez@test.org
PG7BP75O,Prof.,Jane,Martinez,08,11,1989,USA,jane.martinez@example.com
S9CZ9EHQ,Mrs.,Sam,Rodriguez,06,08,1985,Canada,sam.rodriguez@company.net
KB5RIMP8,Ms.,Chris,Davis,15,05,2004,Brazil,chris.davis@example.com
V6QGV7KT,Mr.,Casey,Garcia,21,10,1966,Germany,casey.garcia@mail.com
O5ZPI791,Prof.,John,Davis,24,02,1962,France,john.davis@example.com
KPLL097G,Mrs.,Chris,Johnson,24,02,1990,Australia,chris.johnson@example.com
C01CU38M,Ms.,John,Brown,02,05,2005,Canada,john.brown@example.com
ALLM23HQ,Mr.,Casey,Smith,02,10,1989,Germany,casey.smith@example.com
X3P10HJ5,Prof.,Chris,Davis,05,10,1984,Brazil,chris.davis@company.net
LMTQ9AIP,Mrs.,Riley,Davis,13,08,1984,Australia,riley.davis@mail.com
9O2LDZI6,Dr.,Chris,Davis,25,11,1986,Germany,chris.davis@example.com
